"id","Company","Country"
"1","ICBC","China ğŸ‡¨ğŸ‡³"
"2","China Construction Bank","China ğŸ‡¨ğŸ‡³"
"3","JPMorgan Chase","United States ğŸ‡ºğŸ‡¸"
"4","Berkshire Hathaway","United States ğŸ‡ºğŸ‡¸"
"5","Agricultural Bank of China","China ğŸ‡¨ğŸ‡³"
"5","Saudi Arabian Oil Company (Saudi Aramco)","Saudi Arabia ğŸ‡¸ğŸ‡¦"
"7","Ping An Insurance Group","China ğŸ‡¨ğŸ‡³"
"8","Bank of America","United States ğŸ‡ºğŸ‡¸"
"9","Apple","United States ğŸ‡ºğŸ‡¸"
"10","Bank of China","China ğŸ‡¨ğŸ‡³"
"11","AT&T","United States ğŸ‡ºğŸ‡¸"
"11","Toyota Motor","Japan ğŸ‡¯ğŸ‡µ"
"13","Alphabet","United States ğŸ‡ºğŸ‡¸"
"13","ExxonMobil","United States ğŸ‡ºğŸ‡¸"
"13","Microsoft","United States ğŸ‡ºğŸ‡¸"
"16","Samsung Electronics","South Korea ğŸ‡°ğŸ‡·"
"17","Wells Fargo","United States ğŸ‡ºğŸ‡¸"
"18","Citigroup","United States ğŸ‡ºğŸ‡¸"
"19","Walmart","United States ğŸ‡ºğŸ‡¸"
"20","Verizon Communications","United States ğŸ‡ºğŸ‡¸"
"21","Royal Dutch Shell","Netherlands ğŸ‡³ğŸ‡±"
"22","Amazon","United States ğŸ‡ºğŸ‡¸"
"23","Volkswagen Group","Germany ğŸ‡©ğŸ‡ª"
"24","UnitedHealth Group","United States ğŸ‡ºğŸ‡¸"
"25","Allianz","Germany ğŸ‡©ğŸ‡ª"
"26","China Merchants Bank","China ğŸ‡¨ğŸ‡³"
"27","Comcast","United States ğŸ‡ºğŸ‡¸"
"28","China Mobile","Hong Kong ğŸ‡­ğŸ‡°"
"29","Total","France ğŸ‡«ğŸ‡·"
"30","Postal Savings Bank Of China (PSBC)","China ğŸ‡¨ğŸ‡³"
"31","Alibaba","China ğŸ‡¨ğŸ‡³"
"32","Gazprom","Russia ğŸ‡·ğŸ‡º"
"32","PetroChina","China ğŸ‡¨ğŸ‡³"
"34","Johnson & Johnson","United States ğŸ‡ºğŸ‡¸"
"35","RBC","Canada ğŸ‡¨ğŸ‡¦"
"36","Walt Disney","United States ğŸ‡ºğŸ‡¸"
"37","China Life Insurance","China ğŸ‡¨ğŸ‡³"
"38","Intel","United States ğŸ‡ºğŸ‡¸"
"39","Facebook","United States ğŸ‡ºğŸ‡¸"
"40","CVS Health","United States ğŸ‡ºğŸ‡¸"
"41","NestlÃ©","Switzerland ğŸ‡¨ğŸ‡­"
"42","BNP Paribas","France ğŸ‡«ğŸ‡·"
"43","Nippon Telegraph & Tel","Japan ğŸ‡¯ğŸ‡µ"
"44","HSBC Holdings","United Kingdom ğŸ‡¬ğŸ‡§"
"45","Bank of Communications","China ğŸ‡¨ğŸ‡³"
"46","TD Bank Group","Canada ğŸ‡¨ğŸ‡¦"
"47","Goldman Sachs Group","United States ğŸ‡ºğŸ‡¸"
"48","Morgan Stanley","United States ğŸ‡ºğŸ‡¸"
"49","Pfizer","United States ğŸ‡ºğŸ‡¸"
"50","Tencent Holdings","China ğŸ‡¨ğŸ‡³"
"51","IBM","United States ğŸ‡ºğŸ‡¸"
"52","Mitsubishi UFJ Financial","Japan ğŸ‡¯ğŸ‡µ"
"53","General Electric","United States ğŸ‡ºğŸ‡¸"
"53","Rosneft","Russia ğŸ‡·ğŸ‡º"
"55","Santander","Spain ğŸ‡ªğŸ‡¸"
"56","Anheuser-Busch InBev","Belgium ğŸ‡§ğŸ‡ª"
"57","Industrial Bank","China ğŸ‡¨ğŸ‡³"
"58","Reliance Industries","India ğŸ‡®ğŸ‡³"
"58","Sony","Japan ğŸ‡¯ğŸ‡µ"
"60","Sinopec","China ğŸ‡¨ğŸ‡³"
"61","Chevron","United States ğŸ‡ºğŸ‡¸"
"62","Siemens","Germany ğŸ‡©ğŸ‡ª"
"63","Cigna","United States ğŸ‡ºğŸ‡¸"
"64","AXA Group","France ğŸ‡«ğŸ‡·"
"65","Shanghai Pudong Development","China ğŸ‡¨ğŸ‡³"
"66","AIA Group","Hong Kong ğŸ‡­ğŸ‡°"
"66","Softbank","Japan ğŸ‡¯ğŸ‡µ"
"68","Novartis","Switzerland ğŸ‡¨ğŸ‡­"
"69","Deutsche Telekom","Germany ğŸ‡©ğŸ‡ª"
"70","Petrobras","Brazil ğŸ‡§ğŸ‡·"
"71","Procter & Gamble","United States ğŸ‡ºğŸ‡¸"
"72","Japan Post Holdings","Japan ğŸ‡¯ğŸ‡µ"
"73","LVMH MoÃ«t Hennessy Louis Vuitton","France ğŸ‡«ğŸ‡·"
"74","Roche Holding","Switzerland ğŸ‡¨ğŸ‡­"
"75","BMW Group","Germany ğŸ‡©ğŸ‡ª"
"76","Zurich Insurance Group","Switzerland ğŸ‡¨ğŸ‡­"
"77","CITIC","Hong Kong ğŸ‡­ğŸ‡°"
"78","ItaÃº Unibanco Holding","Brazil ğŸ‡§ğŸ‡·"
"79","China State Construction Engineering","China ğŸ‡¨ğŸ‡³"
"80","MetLife","United States ğŸ‡ºğŸ‡¸"
"80","Sumitomo Mitsui Financial","Japan ğŸ‡¯ğŸ‡µ"
"82","Cisco Systems","United States ğŸ‡ºğŸ‡¸"
"83","Honda Motor","Japan ğŸ‡¯ğŸ‡µ"
"84","Commonwealth Bank","Australia ğŸ‡¦ğŸ‡º"
"85","Bank of Nova Scotia","Canada ğŸ‡¨ğŸ‡¦"
"86","Raytheon Technologies","United States ğŸ‡ºğŸ‡¸"
"87","PepsiCo","United States ğŸ‡ºğŸ‡¸"
"88","American Express","United States ğŸ‡ºğŸ‡¸"
"89","General Motors","United States ğŸ‡ºğŸ‡¸"
"90","China Minsheng Bank","China ğŸ‡¨ğŸ‡³"
"91","British American Tobacco","United Kingdom ğŸ‡¬ğŸ‡§"
"92","Merck & Co.","United States ğŸ‡ºğŸ‡¸"
"93","BHP Group","Australia ğŸ‡¦ğŸ‡º"
"94","Oracle","United States ğŸ‡ºğŸ‡¸"
"95","Brookfield Asset Management","Canada ğŸ‡¨ğŸ‡¦"
"96","Coca-Cola","United States ğŸ‡ºğŸ‡¸"
"97","Enel","Italy ğŸ‡®ğŸ‡¹"
"97","GlaxoSmithKline","United Kingdom ğŸ‡¬ğŸ‡§"
"99","LukOil","Russia ğŸ‡·ğŸ‡º"
"100","China Vanke","China ğŸ‡¨ğŸ‡³"
"101","Banco Bradesco","Brazil ğŸ‡§ğŸ‡·"
"102","Bayer","Germany ğŸ‡©ğŸ‡ª"
"103","US Bancorp","United States ğŸ‡ºğŸ‡¸"
"104","Mitsubishi","Japan ğŸ‡¯ğŸ‡µ"
"105","Anthem","United States ğŸ‡ºğŸ‡¸"
"106","Home Depot","United States ğŸ‡ºğŸ‡¸"
"107","BASF","Germany ğŸ‡©ğŸ‡ª"
"108","Taiwan Semiconductor","Taiwan ğŸ‡¹ğŸ‡¼"
"109","UBS","Switzerland ğŸ‡¨ğŸ‡­"
"110","Unilever","Netherlands ğŸ‡³ğŸ‡±"
"111","Country Garden Holdings","China ğŸ‡¨ğŸ‡³"
"112","EDF","France ğŸ‡«ğŸ‡·"
"113","China Citic Bank","China ğŸ‡¨ğŸ‡³"
"114","Rio Tinto","United Kingdom ğŸ‡¬ğŸ‡§"
"115","Lloyds Banking Group","United Kingdom ğŸ‡¬ğŸ‡§"
"116","Prudential Financial","United States ğŸ‡ºğŸ‡¸"
"117","Sanofi","France ğŸ‡«ğŸ‡·"
"118","Credit Agricole","France ğŸ‡«ğŸ‡·"
"119","AbbVie","United States ğŸ‡ºğŸ‡¸"
"120","Iberdrola","Spain ğŸ‡ªğŸ‡¸"
"121","Hon Hai Precision","Taiwan ğŸ‡¹ğŸ‡¼"
"122","KDDI","Japan ğŸ‡¯ğŸ‡µ"
"123","Enbridge","Canada ğŸ‡¨ğŸ‡¦"
"123","Manulife","Canada ğŸ‡¨ğŸ‡¦"
"125","Intesa Sanpaolo","Italy ğŸ‡®ğŸ‡¹"
"126","CNOOC","Hong Kong ğŸ‡­ğŸ‡°"
"127","Dell Technologies","United States ğŸ‡ºğŸ‡¸"
"127","Westpac Banking Group","Australia ğŸ‡¦ğŸ‡º"
"129","Medtronic","Ireland ğŸ‡®ğŸ‡ª"
"130","China Pacific Insurance","China ğŸ‡¨ğŸ‡³"
"131","SAIC Motor","China ğŸ‡¨ğŸ‡³"
"132","Bank of Montreal","Canada ğŸ‡¨ğŸ‡¦"
"132","Caterpillar","United States ğŸ‡ºğŸ‡¸"
"134","Chubb","Switzerland ğŸ‡¨ğŸ‡­"
"135","Itochu","Japan ğŸ‡¯ğŸ‡µ"
"136","Walgreens Boots Alliance","United States ğŸ‡ºğŸ‡¸"
"137","VINCI","France ğŸ‡«ğŸ‡·"
"138","Bristol-Myers Squibb","United States ğŸ‡ºğŸ‡¸"
"139","PNC Financial Services","United States ğŸ‡ºğŸ‡¸"
"140","Generali Group","Italy ğŸ‡®ğŸ‡¹"
"141","Visa","United States ğŸ‡ºğŸ‡¸"
"142","Costco Wholesale","United States ğŸ‡ºğŸ‡¸"
"143","United Parcel Service","United States ğŸ‡ºğŸ‡¸"
"144","Duke Energy","United States ğŸ‡ºğŸ‡¸"
"145","Lockheed Martin","United States ğŸ‡ºğŸ‡¸"
"146","HDFC Bank","India ğŸ‡®ğŸ‡³"
"147","Allstate","United States ğŸ‡ºğŸ‡¸"
"148","China Everbright Bank","China ğŸ‡¨ğŸ‡³"
"149","Charter Communications","United States ğŸ‡ºğŸ‡¸"
"150","SAP","Germany ğŸ‡©ğŸ‡ª"
"151","Tokio Marine Holdings","Japan ğŸ‡¯ğŸ‡µ"
"152","CK Hutchison","Hong Kong ğŸ‡­ğŸ‡°"
"153","Honeywell International","United States ğŸ‡ºğŸ‡¸"
"154","China Evergrande Group","China ğŸ‡¨ğŸ‡³"
"155","American International Group","United States ğŸ‡ºğŸ‡¸"
"156","Orange","France ğŸ‡«ğŸ‡·"
"157","AmÃ©rica MÃ³vil","Mexico ğŸ‡²ğŸ‡½"
"158","Abbott Laboratories","United States ğŸ‡ºğŸ‡¸"
"159","Bank of New York Mellon","United States ğŸ‡ºğŸ‡¸"
"160","Credit Suisse Group","Switzerland ğŸ‡¨ğŸ‡­"
"161","Capital One Financial","United States ğŸ‡ºğŸ‡¸"
"162","Amgen","United States ğŸ‡ºğŸ‡¸"
"163","Truist Financial","United States ğŸ‡ºğŸ‡¸"
"164","ANZ","Australia ğŸ‡¦ğŸ‡º"
"165","Equinor","Norway ğŸ‡³ğŸ‡´"
"166","Mitsui","Japan ğŸ‡¯ğŸ‡µ"
"167","Oversea-Chinese Banking","Singapore ğŸ‡¸ğŸ‡¬"
"168","China Shenhua Energy","China ğŸ‡¨ğŸ‡³"
"169","Exelon","United States ğŸ‡ºğŸ‡¸"
"170","PTT","Thailand ğŸ‡¹ğŸ‡­"
"171","State Bank of India","India ğŸ‡®ğŸ‡³"
"172","Poly Developments & Holdings Group","China ğŸ‡¨ğŸ‡³"
"173","Lowe's","United States ğŸ‡ºğŸ‡¸"
"174","China Telecom","China ğŸ‡¨ğŸ‡³"
"175","Southern Company","United States ğŸ‡ºğŸ‡¸"
"176","L'OrÃ©al","France ğŸ‡«ğŸ‡·"
"177","BlackRock","United States ğŸ‡ºğŸ‡¸"
"178","Linde","United Kingdom ğŸ‡¬ğŸ‡§"
"179","Canadian Imperial Bank","Canada ğŸ‡¨ğŸ‡¦"
"180","NextEra Energy","United States ğŸ‡ºğŸ‡¸"
"181","Barclays","United Kingdom ğŸ‡¬ğŸ‡§"
"182","Deere & Company","United States ğŸ‡ºğŸ‡¸"
"183","Union Pacific","United States ğŸ‡ºğŸ‡¸"
"184","Thermo Fisher Scientific","United States ğŸ‡ºğŸ‡¸"
"185","Deutsche Post","Germany ğŸ‡©ğŸ‡ª"
"186","Gilead Sciences","United States ğŸ‡ºğŸ‡¸"
"186","Phillips 66","United States ğŸ‡ºğŸ‡¸"
"188","Mondelez International","United States ğŸ‡ºğŸ‡¸"
"189","Hyundai Motor","South Korea ğŸ‡°ğŸ‡·"
"190","Qatar National Bank","Qatar ğŸ‡¶ğŸ‡¦"
"191","NAB - National Australia Bank","Australia ğŸ‡¦ğŸ‡º"
"192","Broadcom","United States ğŸ‡ºğŸ‡¸"
"192","Legal & General Group","United Kingdom ğŸ‡¬ğŸ‡§"
"194","ING Group","Netherlands ğŸ‡³ğŸ‡±"
"195","3M","United States ğŸ‡ºğŸ‡¸"
"196","Target","United States ğŸ‡ºğŸ‡¸"
"197","Marathon Petroleum","United States ğŸ‡ºğŸ‡¸"
"198","Hitachi","Japan ğŸ‡¯ğŸ‡µ"
"198","Progressive","United States ğŸ‡ºğŸ‡¸"
"200","DBS","Singapore ğŸ‡¸ğŸ‡¬"
"201","ConocoPhillips","United States ğŸ‡ºğŸ‡¸"
"202","UniCredit","Italy ğŸ‡®ğŸ‡¹"
"203","Philip Morris International","United States ğŸ‡ºğŸ‡¸"
"204","China Railway Group","China ğŸ‡¨ğŸ‡³"
"205","Accenture","Ireland ğŸ‡®ğŸ‡ª"
"206","Munich Re","Germany ğŸ‡©ğŸ‡ª"
"207","Royal Bank of Scotland","United Kingdom ğŸ‡¬ğŸ‡§"
"208","Banco do Brasil","Brazil ğŸ‡§ğŸ‡·"
"209","McDonald's","United States ğŸ‡ºğŸ‡¸"
"210","China Resources Land","Hong Kong ğŸ‡­ğŸ‡°"
"211","China Railway Construction","China ğŸ‡¨ğŸ‡³"
"212","Saudi Basic Industries","Saudi Arabia ğŸ‡¸ğŸ‡¦"
"213","Aviva","United Kingdom ğŸ‡¬ğŸ‡§"
"214","General Dynamics","United States ğŸ‡ºğŸ‡¸"
"215","MS&AD Insurance","Japan ğŸ‡¯ğŸ‡µ"
"216","PICC","China ğŸ‡¨ğŸ‡³"
"217","Aflac","United States ğŸ‡ºğŸ‡¸"
"218","E.ON","Germany ğŸ‡©ğŸ‡ª"
"218","Travelers","United States ğŸ‡ºğŸ‡¸"
"220","Prudential","United Kingdom ğŸ‡¬ğŸ‡§"
"221","Eli Lilly","United States ğŸ‡ºğŸ‡¸"
"222","Kraft Heinz Company","United States ğŸ‡ºğŸ‡¸"
"223","Sunac China Holdings","China ğŸ‡¨ğŸ‡³"
"224","Charles Schwab","United States ğŸ‡ºğŸ‡¸"
"225","HCA Healthcare","United States ğŸ‡ºğŸ‡¸"
"226","Danaher","United States ğŸ‡ºğŸ‡¸"
"227","Schneider Electric","France ğŸ‡«ğŸ‡·"
"228","SociÃ©tÃ© GÃ©nÃ©rale","France ğŸ‡«ğŸ‡·"
"229","Midea Group","China ğŸ‡¨ğŸ‡³"
"230","Dai-ichi Life Insurance","Japan ğŸ‡¯ğŸ‡µ"
"231","ENGIE","France ğŸ‡«ğŸ‡·"
"232","Fiat Chrysler Automobiles","United Kingdom ğŸ‡¬ğŸ‡§"
"233","Volvo Group","Sweden ğŸ‡¸ğŸ‡ª"
"234","Seven & I Holdings","Japan ğŸ‡¯ğŸ‡µ"
"235","Humana","United States ğŸ‡ºğŸ‡¸"
"236","Longfor Group Holdings","China ğŸ‡¨ğŸ‡³"
"237","AstraZeneca","United Kingdom ğŸ‡¬ğŸ‡§"
"238","JD.com","China ğŸ‡¨ğŸ‡³"
"239","Air Liquide","France ğŸ‡«ğŸ‡·"
"240","Fresenius","Germany ğŸ‡©ğŸ‡ª"
"241","Northrop Grumman","United States ğŸ‡ºğŸ‡¸"
"242","Mizuho Financial","Japan ğŸ‡¯ğŸ‡µ"
"243","Sun Life Financial","Canada ğŸ‡¨ğŸ‡¦"
"244","Inditex","Spain ğŸ‡ªğŸ‡¸"
"244","Nike","United States ğŸ‡ºğŸ‡¸"
"246","Gree Electric Appliances","China ğŸ‡¨ğŸ‡³"
"247","Central Japan Railway","Japan ğŸ‡¯ğŸ‡µ"
"248","Danone","France ğŸ‡«ğŸ‡·"
"249","PayPal","United States ğŸ‡ºğŸ‡¸"
"250","Cathay Financial","Taiwan ğŸ‡¹ğŸ‡¼"
"251","Surgutneftegas","Russia ğŸ‡·ğŸ‡º"
"252","Suncor Energy","Canada ğŸ‡¨ğŸ‡¦"
"253","Standard Chartered","United Kingdom ğŸ‡¬ğŸ‡§"
"254","Tesco","United Kingdom ğŸ‡¬ğŸ‡§"
"255","ICICI Bank","India ğŸ‡®ğŸ‡³"
"256","Panasonic","Japan ğŸ‡¯ğŸ‡µ"
"257","Safran","France ğŸ‡«ğŸ‡·"
"258","Qualcomm","United States ğŸ‡ºğŸ‡¸"
"259","Royal Ahold Delhaize N.V.","Netherlands ğŸ‡³ğŸ‡±"
"260","KBC Group","Belgium ğŸ‡§ğŸ‡ª"
"261","East Japan Railway","Japan ğŸ‡¯ğŸ‡µ"
"262","National Grid","United Kingdom ğŸ‡¬ğŸ‡§"
"263","Delta Air Lines","United States ğŸ‡ºğŸ‡¸"
"264","Peugeot","France ğŸ‡«ğŸ‡·"
"265","TelefÃ³nica","Spain ğŸ‡ªğŸ‡¸"
"266","Kroger","United States ğŸ‡ºğŸ‡¸"
"267","China Communications Construction","China ğŸ‡¨ğŸ‡³"
"268","Shinhan Financial Group","South Korea ğŸ‡°ğŸ‡·"
"269","Oil & Natural Gas","India ğŸ‡®ğŸ‡³"
"270","Sun Hung Kai Properties","Hong Kong ğŸ‡­ğŸ‡°"
"271","Huaxia Bank","China ğŸ‡¨ğŸ‡³"
"272","Fubon Financial","Taiwan ğŸ‡¹ğŸ‡¼"
"273","Diageo","United Kingdom ğŸ‡¬ğŸ‡§"
"274","Anglo American","United Kingdom ğŸ‡¬ğŸ‡§"
"275","Mastercard","United States ğŸ‡ºğŸ‡¸"
"276","Dominion Energy","United States ğŸ‡ºğŸ‡¸"
"277","Micron Technology","United States ğŸ‡ºğŸ‡¸"
"278","KB Financial Group","South Korea ğŸ‡°ğŸ‡·"
"279","HDFC","India ğŸ‡®ğŸ‡³"
"280","LafargeHolcim","Switzerland ğŸ‡¨ğŸ‡­"
"281","United Overseas Bank","Singapore ğŸ‡¸ğŸ‡¬"
"282","Bank of Beijing","China ğŸ‡¨ğŸ‡³"
"283","Japan Tobacco","Japan ğŸ‡¯ğŸ‡µ"
"284","Netflix","United States ğŸ‡ºğŸ‡¸"
"285","Centene","United States ğŸ‡ºğŸ‡¸"
"286","China Unicom","Hong Kong ğŸ‡­ğŸ‡°"
"287","Jardine Matheson","Bermuda ğŸ‡§ğŸ‡²"
"288","Starbucks","United States ğŸ‡ºğŸ‡¸"
"289","American Electric","United States ğŸ‡ºğŸ‡¸"
"290","Sumitomo","Japan ğŸ‡¯ğŸ‡µ"
"291","Nordea Bank","Finland ğŸ‡«ğŸ‡®"
"292","Orix","Japan ğŸ‡¯ğŸ‡µ"
"293","TJX Cos","United States ğŸ‡ºğŸ‡¸"
"294","Mitsubishi Electric","Japan ğŸ‡¯ğŸ‡µ"
"295","State Street","United States ğŸ‡ºğŸ‡¸"
"296","SK Hynix","South Korea ğŸ‡°ğŸ‡·"
"297","RWE Group","Germany ğŸ‡©ğŸ‡ª"
"298","ABB","Switzerland ğŸ‡¨ğŸ‡­"
"299","Nomura","Japan ğŸ‡¯ğŸ‡µ"
"300","BCE","Canada ğŸ‡¨ğŸ‡¦"
"301","Automatic Data Processing","United States ğŸ‡ºğŸ‡¸"
"302","HP","United States ğŸ‡ºğŸ‡¸"
"303","First Abu Dhabi Bank","United Arab Emirates ğŸ‡¦ğŸ‡ª"
"304","EssilorLuxottica","France ğŸ‡«ğŸ‡·"
"305","Henkel","Germany ğŸ‡©ğŸ‡ª"
"306","Canadian Natural Resources","Canada ğŸ‡¨ğŸ‡¦"
"307","Greenland Holdings Group","China ğŸ‡¨ğŸ‡³"
"308","EMD Group","Germany ğŸ‡©ğŸ‡ª"
"309","Swiss Re","Switzerland ğŸ‡¨ğŸ‡­"
"310","Bank Of Shanghai","China ğŸ‡¨ğŸ‡³"
"311","Archer Daniels Midland","United States ğŸ‡ºğŸ‡¸"
"312","Anhui Conch Cement","China ğŸ‡¨ğŸ‡³"
"313","Ecopetrol","Colombia ğŸ‡¨ğŸ‡´"
"314","BT Group","United Kingdom ğŸ‡¬ğŸ‡§"
"315","Poste Italiane","Italy ğŸ‡®ğŸ‡¹"
"316","Novatek","Russia ğŸ‡·ğŸ‡º"
"316","TC Energy","Canada ğŸ‡¨ğŸ‡¦"
"318","CRH","Ireland ğŸ‡®ğŸ‡ª"
"319","Macquarie Group","Australia ğŸ‡¦ğŸ‡º"
"320","BBVA-Banco Bilbao Vizcaya","Spain ğŸ‡ªğŸ‡¸"
"321","JXTG Holdings","Japan ğŸ‡¯ğŸ‡µ"
"322","Kering","France ğŸ‡«ğŸ‡·"
"323","Baoshan Iron & Steel","China ğŸ‡¨ğŸ‡³"
"324","Daiwa House Industry","Japan ğŸ‡¯ğŸ‡µ"
"325","Couche Tard","Canada ğŸ‡¨ğŸ‡¦"
"326","Daimler","Germany ğŸ‡©ğŸ‡ª"
"327","Bridgestone","Japan ğŸ‡¯ğŸ‡µ"
"328","Fannie Mae","United States ğŸ‡ºğŸ‡¸"
"329","Tyson Foods","United States ğŸ‡ºğŸ‡¸"
"330","New China Life Insurance","China ğŸ‡¨ğŸ‡³"
"331","Saint-Gobain","France ğŸ‡«ğŸ‡·"
"332","CSX","United States ğŸ‡ºğŸ‡¸"
"333","DNB","Norway ğŸ‡³ğŸ‡´"
"333","Novo Nordisk","Denmark ğŸ‡©ğŸ‡°"
"335","Saudi Telecom","Saudi Arabia ğŸ‡¸ğŸ‡¦"
"336","LyondellBasell Industries","United Kingdom ğŸ‡¬ğŸ‡§"
"337","EOG Resources","United States ğŸ‡ºğŸ‡¸"
"338","Sempra Energy","United States ğŸ‡ºğŸ‡¸"
"339","Eaton","Ireland ğŸ‡®ğŸ‡ª"
"340","Freddie Mac","United States ğŸ‡ºğŸ‡¸"
"341","Heineken","Netherlands ğŸ‡³ğŸ‡±"
"342","Kweichow Moutai","China ğŸ‡¨ğŸ‡³"
"343","CK Asset Holdings","Hong Kong ğŸ‡­ğŸ‡°"
"344","Becton Dickinson","United States ğŸ‡ºğŸ‡¸"
"345","Stryker","United States ğŸ‡ºğŸ‡¸"
"346","CRRC","China ğŸ‡¨ğŸ‡³"
"347","Bank Rakyat Indonesia (BRI)","Indonesia ğŸ‡®ğŸ‡©"
"348","China Merchants Shekou Industrial Zone Holdings","China ğŸ‡¨ğŸ‡³"
"349","Maybank","Malaysia ğŸ‡²ğŸ‡¾"
"350","Kinder Morgan","United States ğŸ‡ºğŸ‡¸"
"351","Emirates NBD","United Arab Emirates ğŸ‡¦ğŸ‡ª"
"352","Marsh & McLennan","United States ğŸ‡ºğŸ‡¸"
"353","Ameriprise Financial","United States ğŸ‡ºğŸ‡¸"
"354","Dollar General","United States ğŸ‡ºğŸ‡¸"
"355","Shin-Etsu Chemical","Japan ğŸ‡¯ğŸ‡µ"
"356","Barrick Gold","Canada ğŸ‡¨ğŸ‡¦"
"357","BP","United Kingdom ğŸ‡¬ğŸ‡§"
"358","Etisalat","United Arab Emirates ğŸ‡¦ğŸ‡ª"
"359","Canon","Japan ğŸ‡¯ğŸ‡µ"
"360","Sompo","Japan ğŸ‡¯ğŸ‡µ"
"361","ASML Holding","Netherlands ğŸ‡³ğŸ‡±"
"362","Natixis","France ğŸ‡«ğŸ‡·"
"363","Vivendi","France ğŸ‡«ğŸ‡·"
"364","Swiss Life Holding","Switzerland ğŸ‡¨ğŸ‡­"
"365","Posco","South Korea ğŸ‡°ğŸ‡·"
"366","Biogen","United States ğŸ‡ºğŸ‡¸"
"367","Mitsui Fudosan","Japan ğŸ‡¯ğŸ‡µ"
"368","Canadian National Railway","Canada ğŸ‡¨ğŸ‡¦"
"369","Booking Holdings","United States ğŸ‡ºğŸ‡¸"
"370","NN Group","Netherlands ğŸ‡³ğŸ‡±"
"371","Fosun International","China ğŸ‡¨ğŸ‡³"
"372","Wilmar International","Singapore ğŸ‡¸ğŸ‡¬"
"373","General Mills","United States ğŸ‡ºğŸ‡¸"
"374","Carrefour","France ğŸ‡«ğŸ‡·"
"375","Daikin Industries","Japan ğŸ‡¯ğŸ‡µ"
"375","Tata Consultancy Services","India ğŸ‡®ğŸ‡³"
"377","Power Corp of Canada","Canada ğŸ‡¨ğŸ‡¦"
"378","Boston Scientific","United States ğŸ‡ºğŸ‡¸"
"379","Discover Financial Services","United States ğŸ‡ºğŸ‡¸"
"380","Synchrony Financial","United States ğŸ‡ºğŸ‡¸"
"381","Michelin Group","France ğŸ‡«ğŸ‡·"
"382","Paccar","United States ğŸ‡ºğŸ‡¸"
"383","Sumitomo Mitsui Trust","Japan ğŸ‡¯ğŸ‡µ"
"384","Xiaomi","China ğŸ‡¨ğŸ‡³"
"385","Hartford Financial Services","United States ğŸ‡ºğŸ‡¸"
"385","Philips","Netherlands ğŸ‡³ğŸ‡±"
"387","IntercontinentalExchange","United States ğŸ‡ºğŸ‡¸"
"388","Norfolk Southern","United States ğŸ‡ºğŸ‡¸"
"389","BAE Systems","United Kingdom ğŸ‡¬ğŸ‡§"
"389","Indian Oil","India ğŸ‡®ğŸ‡³"
"391","Bank of Ningbo","China ğŸ‡¨ğŸ‡³"
"391","Sysco","United States ğŸ‡ºğŸ‡¸"
"393","CNP Assurances","France ğŸ‡«ğŸ‡·"
"394","Denso","Japan ğŸ‡¯ğŸ‡µ"
"394","Newmont Mining","United States ğŸ‡ºğŸ‡¸"
"396","National Commercial Bank","Saudi Arabia ğŸ‡¸ğŸ‡¦"
"397","Adidas","Germany ğŸ‡©ğŸ‡ª"
"398","CTBC Financial","Taiwan ğŸ‡¹ğŸ‡¼"
"398","Danske Bank","Denmark ğŸ‡©ğŸ‡°"
"400","China National Building","China ğŸ‡¨ğŸ‡³"
"401","Richemont","Switzerland ğŸ‡¨ğŸ‡­"
"402","Sberbank","Russia ğŸ‡·ğŸ‡º"
"403","VMware","United States ğŸ‡ºğŸ‡¸"
"404","Nippon Steel","Japan ğŸ‡¯ğŸ‡µ"
"405","Komatsu","Japan ğŸ‡¯ğŸ‡µ"
"405","Transneft","Russia ğŸ‡·ğŸ‡º"
"407","Talanx","Germany ğŸ‡©ğŸ‡ª"
"407","Xcel Energy","United States ğŸ‡ºğŸ‡¸"
"409","Consolidated Edison","United States ğŸ‡ºğŸ‡¸"
"409","Naturgy Energy Group","Spain ğŸ‡ªğŸ‡¸"
"411","Fiserv","United States ğŸ‡ºğŸ‡¸"
"412","Bank Of Jiangsu","China ğŸ‡¨ğŸ‡³"
"413","Boeing","United States ğŸ‡ºğŸ‡¸"
"414","Waste Management","United States ğŸ‡ºğŸ‡¸"
"415","Woolworths","Australia ğŸ‡¦ğŸ‡º"
"416","Texas Instruments","United States ğŸ‡ºğŸ‡¸"
"417","Hyundai Mobis","South Korea ğŸ‡°ğŸ‡·"
"418","Adobe","United States ğŸ‡ºğŸ‡¸"
"419","DuPont de Nemours","United States ğŸ‡ºğŸ‡¸"
"420","Hana Financial Group","South Korea ğŸ‡°ğŸ‡·"
"421","L3Harris Technologies","United States ğŸ‡ºğŸ‡¸"
"422","Fujitsu","Japan ğŸ‡¯ğŸ‡µ"
"423","Shimao Property Holdings","Hong Kong ğŸ‡­ğŸ‡°"
"424","Norilsk Nickel","Russia ğŸ‡·ğŸ‡º"
"425","Imperial Brands","United Kingdom ğŸ‡¬ğŸ‡§"
"426","China Zheshang Bank","China ğŸ‡¨ğŸ‡³"
"427","Tokyo Electric Power","Japan ğŸ‡¯ğŸ‡µ"
"428","Fast Retailing","Japan ğŸ‡¯ğŸ‡µ"
"429","Emerson Electric","United States ğŸ‡ºğŸ‡¸"
"429","Toyota Industries","Japan ğŸ‡¯ğŸ‡µ"
"431","Femsa","Mexico ğŸ‡²ğŸ‡½"
"432","Hewlett Packard Enterprise","United States ğŸ‡ºğŸ‡¸"
"433","China Yangtze Power","China ğŸ‡¨ğŸ‡³"
"434","Recruit Holdings","Japan ğŸ‡¯ğŸ‡µ"
"435","Keurig Dr Pepper","United States ğŸ‡ºğŸ‡¸"
"436","Applied Materials","United States ğŸ‡ºğŸ‡¸"
"436","Edison International","United States ğŸ‡ºğŸ‡¸"
"436","Principal Financial Group","United States ğŸ‡ºğŸ‡¸"
"439","AIRBUS","Netherlands ğŸ‡³ğŸ‡±"
"440","CME Group","United States ğŸ‡ºğŸ‡¸"
"441","OMV Group","Austria ğŸ‡¦ğŸ‡¹"
"442","Marubeni","Japan ğŸ‡¯ğŸ‡µ"
"443","AmerisourceBergen","United States ğŸ‡ºğŸ‡¸"
"443","Larsen & Toubro","India ğŸ‡®ğŸ‡³"
"445","Bouygues","France ğŸ‡«ğŸ‡·"
"446","Nutrien","Canada ğŸ‡¨ğŸ‡¦"
"447","Kansai Electric Power","Japan ğŸ‡¯ğŸ‡µ"
"448","Sherwin-Williams","United States ğŸ‡ºğŸ‡¸"
"449","Fujifilm Holdings","Japan ğŸ‡¯ğŸ‡µ"
"450","American Tower","United States ğŸ‡ºğŸ‡¸"
"451","Pernod Ricard","France ğŸ‡«ğŸ‡·"
"452","VTB Bank","Russia ğŸ‡·ğŸ‡º"
"453","Telstra","Australia ğŸ‡¦ğŸ‡º"
"454","Lennar","United States ğŸ‡ºğŸ‡¸"
"455","Chubu Electric Power","Japan ğŸ‡¯ğŸ‡µ"
"455","Ecolab","United States ğŸ‡ºğŸ‡¸"
"457","Cummins","United States ğŸ‡ºğŸ‡¸"
"458","Marriott International","United States ğŸ‡ºğŸ‡¸"
"459","SEB AB","Sweden ğŸ‡¸ğŸ‡ª"
"460","Investor AB","Sweden ğŸ‡¸ğŸ‡ª"
"461","JBS","Brazil ğŸ‡§ğŸ‡·"
"462","CaixaBank","Spain ğŸ‡ªğŸ‡¸"
"462","National Bank of Canada","Canada ğŸ‡¨ğŸ‡¦"
"464","Svenska Handelsbanken","Sweden ğŸ‡¸ğŸ‡ª"
"465","Vodafone","United Kingdom ğŸ‡¬ğŸ‡§"
"466","Sampo","Finland ğŸ‡«ğŸ‡®"
"467","Power Construction Corporation of China","China ğŸ‡¨ğŸ‡³"
"468","Carnival","United States ğŸ‡ºğŸ‡¸"
"468","Eni","Italy ğŸ‡®ğŸ‡¹"
"468","The EstÃ©e Lauder Companies","United States ğŸ‡ºğŸ‡¸"
"471","Fifth Third Bank","United States ğŸ‡ºğŸ‡¸"
"472","ViacomCBS","United States ğŸ‡ºğŸ‡¸"
"473","Al Rajhi Bank","Saudi Arabia ğŸ‡¸ğŸ‡¦"
"473","China Fortune Land Development","China ğŸ‡¨ğŸ‡³"
"475","Kimberly-Clark","United States ğŸ‡ºğŸ‡¸"
"476","Fortescue Metals Group","Australia ğŸ‡¦ğŸ‡º"
"477","Public Service Enterprise Group","United States ğŸ‡ºğŸ‡¸"
"478","KIA Motors","South Korea ğŸ‡°ğŸ‡·"
"479","Subaru","Japan ğŸ‡¯ğŸ‡µ"
"480","Suzuki Motor","Japan ğŸ‡¯ğŸ‡µ"
"481","Mitsubishi Heavy Industries","Japan ğŸ‡¯ğŸ‡µ"
"482","Southwest Airlines","United States ğŸ‡ºğŸ‡¸"
"483","Mitsubishi Estate","Japan ğŸ‡¯ğŸ‡µ"
"484","Glencore International","Switzerland ğŸ‡¨ğŸ‡­"
"485","Aon","Ireland ğŸ‡®ğŸ‡ª"
"486","Ford Motor","United States ğŸ‡ºğŸ‡¸"
"487","Bank Central Asia","Indonesia ğŸ‡®ğŸ‡©"
"487","Thales","France ğŸ‡«ğŸ‡·"
"489","NVIDIA","United States ğŸ‡ºğŸ‡¸"
"490","Suning.com","China ğŸ‡¨ğŸ‡³"
"490","Takeda Pharmaceutical","Japan ğŸ‡¯ğŸ‡µ"
"492","EnBW-Energie Baden","Germany ğŸ‡©ğŸ‡ª"
"493","Valero Energy","United States ğŸ‡ºğŸ‡¸"
"494","Colgate-Palmolive","United States ğŸ‡ºğŸ‡¸"
"495","Bank Mandiri","Indonesia ğŸ‡®ğŸ‡©"
"496","H&M - Hennes & Mauritz","Sweden ğŸ‡¸ğŸ‡ª"
"497","NTPC","India ğŸ‡®ğŸ‡³"
"498","Murata Manufacturing","Japan ğŸ‡¯ğŸ‡µ"
"498","SingTel","Singapore ğŸ‡¸ğŸ‡¬"
"500","Las Vegas Sands","United States ğŸ‡ºğŸ‡¸"
"500","Magna International","Canada ğŸ‡¨ğŸ‡¦"
"502","Weichai Power","China ğŸ‡¨ğŸ‡³"
"503","Fairfax Financial","Canada ğŸ‡¨ğŸ‡¦"
"504","China Tower Corp.","China ğŸ‡¨ğŸ‡³"
"505","Compass Group","United Kingdom ğŸ‡¬ğŸ‡§"
"506","Entergy","United States ğŸ‡ºğŸ‡¸"
"507","Erste Group Bank","Austria ğŸ‡¦ğŸ‡¹"
"508","Toyota Tsusho","Japan ğŸ‡¯ğŸ‡µ"
"509","Citic Securities","China ğŸ‡¨ğŸ‡³"
"510","Samsung C&T","South Korea ğŸ‡°ğŸ‡·"
"511","Illinois Tool Works","United States ğŸ‡ºğŸ‡¸"
"512","Nissan Motor","Japan ğŸ‡¯ğŸ‡µ"
"513","FedEx","United States ğŸ‡ºğŸ‡¸"
"513","Vale","Brazil ğŸ‡§ğŸ‡·"
"515","eBay","United States ğŸ‡ºğŸ‡¸"
"515","Wesfarmers","Australia ğŸ‡¦ğŸ‡º"
"517","Bank of Nanjing","China ğŸ‡¨ğŸ‡³"
"518","M&G","United Kingdom ğŸ‡¬ğŸ‡§"
"519","Asahi Group Holdings","Japan ğŸ‡¯ğŸ‡µ"
"520","Atlantia","Italy ğŸ‡®ğŸ‡¹"
"521","DTE Energy","United States ğŸ‡ºğŸ‡¸"
"522","Kotak Mahindra Bank","India ğŸ‡®ğŸ‡³"
"523","Aegon","Netherlands ğŸ‡³ğŸ‡±"
"524","Carrier Global","United States ğŸ‡ºğŸ‡¸"
"525","United Airlines Holdings","United States ğŸ‡ºğŸ‡¸"
"526","Northern Trust","United States ğŸ‡ºğŸ‡¸"
"527","Swisscom","Switzerland ğŸ‡¨ğŸ‡­"
"528","CNH Industrial","United Kingdom ğŸ‡¬ğŸ‡§"
"529","Kubota","Japan ğŸ‡¯ğŸ‡µ"
"529","Samsung Life Insurance","South Korea ğŸ‡°ğŸ‡·"
"531","Best Buy","United States ğŸ‡ºğŸ‡¸"
"532","Haier Smart Home","China ğŸ‡¨ğŸ‡³"
"533","Cognizant","United States ğŸ‡ºğŸ‡¸"
"534","Nintendo","Japan ğŸ‡¯ğŸ‡µ"
"535","McKesson","United States ğŸ‡ºğŸ‡¸"
"536","FirstRand","South Africa ğŸ‡¿ğŸ‡¦"
"537","China Cinda Asset Management","China ğŸ‡¨ğŸ‡³"
"538","Hengli Petrochemical","China ğŸ‡¨ğŸ‡³"
"539","Tatneft","Russia ğŸ‡·ğŸ‡º"
"540","Tenaga Nasional","Malaysia ğŸ‡²ğŸ‡¾"
"541","SK Holdings","South Korea ğŸ‡°ğŸ‡·"
"542","Deutsche Bank","Germany ğŸ‡©ğŸ‡ª"
"543","M&T Bank","United States ğŸ‡ºğŸ‡¸"
"544","Standard Bank Group","South Africa ğŸ‡¿ğŸ‡¦"
"545","China Taiping Insurance","Hong Kong ğŸ‡­ğŸ‡°"
"546","Telecom Italia","Italy ğŸ‡®ğŸ‡¹"
"547","Astellas Pharma","Japan ğŸ‡¯ğŸ‡µ"
"548","Veolia Environnement","France ğŸ‡«ğŸ‡·"
"549","Grupo Mexico","Mexico ğŸ‡²ğŸ‡½"
"549","Kyocera","Japan ğŸ‡¯ğŸ‡µ"
"549","Rogers Communications","Canada ğŸ‡¨ğŸ‡¦"
"552","Loews","United States ğŸ‡ºğŸ‡¸"
"552","Trane Technologies","Ireland ğŸ‡®ğŸ‡ª"
"554","Air Products & Chemicals","United States ğŸ‡ºğŸ‡¸"
"555","Aeon","Japan ğŸ‡¯ğŸ‡µ"
"556","Sinopharm Group","China ğŸ‡¨ğŸ‡³"
"557","PPL","United States ğŸ‡ºğŸ‡¸"
"558","EXOR","Netherlands ğŸ‡³ğŸ‡±"
"559","RELX","United Kingdom ğŸ‡¬ğŸ‡§"
"560","Lincoln National","United States ğŸ‡ºğŸ‡¸"
"561","Allergan","Ireland ğŸ‡®ğŸ‡ª"
"561","NetEase","China ğŸ‡¨ğŸ‡³"
"563","Naspers","South Africa ğŸ‡¿ğŸ‡¦"
"564","Grupo ACS","Spain ğŸ‡ªğŸ‡¸"
"565","TELUS","Canada ğŸ‡¨ğŸ‡¦"
"566","MTR","Hong Kong ğŸ‡­ğŸ‡°"
"567","KeyCorp","United States ğŸ‡ºğŸ‡¸"
"568","Prologis","United States ğŸ‡ºğŸ‡¸"
"569","Evonik","Germany ğŸ‡©ğŸ‡ª"
"570","Citizens Financial Group","United States ğŸ‡ºğŸ‡¸"
"571","D.R. Horton","United States ğŸ‡ºğŸ‡¸"
"572","Dow","United States ğŸ‡ºğŸ‡¸"
"573","Orsted","Denmark ğŸ‡©ğŸ‡°"
"574","Willis Towers Watson","United Kingdom ğŸ‡¬ğŸ‡§"
"575","DISH Network","United States ğŸ‡ºğŸ‡¸"
"576","Athene Holding","Bermuda ğŸ‡§ğŸ‡²"
"577","Swedbank","Sweden ğŸ‡¸ğŸ‡ª"
"578","Salesforce.com","United States ğŸ‡ºğŸ‡¸"
"579","Altria Group","United States ğŸ‡ºğŸ‡¸"
"580","Otsuka Holding","Japan ğŸ‡¯ğŸ‡µ"
"581","Eversource Energy","United States ğŸ‡ºğŸ‡¸"
"582","Sekisui House","Japan ğŸ‡¯ğŸ‡µ"
"583","Parker-Hannifin","United States ğŸ‡ºğŸ‡¸"
"584","Discovery","United States ğŸ‡ºğŸ‡¸"
"585","Banorte","Mexico ğŸ‡²ğŸ‡½"
"586","Tesla","United States ğŸ‡ºğŸ‡¸"
"587","TD Ameritrade Holding","United States ğŸ‡ºğŸ‡¸"
"588","Baxter International","United States ğŸ‡ºğŸ‡¸"
"589","Deutsche Boerse","Germany ğŸ‡©ğŸ‡ª"
"590","Saudi Electricity","Saudi Arabia ğŸ‡¸ğŸ‡¦"
"591","Associated British Foods","United Kingdom ğŸ‡¬ğŸ‡§"
"591","Sumitomo Realty","Japan ğŸ‡¯ğŸ‡µ"
"593","WH Group","Hong Kong ğŸ‡­ğŸ‡°"
"594","Korea Electric Power","South Korea ğŸ‡°ğŸ‡·"
"595","Williams","United States ğŸ‡ºğŸ‡¸"
"596","WEC Energy Group","United States ğŸ‡ºğŸ‡¸"
"597","Inpex","Japan ğŸ‡¯ğŸ‡µ"
"598","Edp-energias De Portugal","Portugal ğŸ‡µğŸ‡¹"
"599","Mitsubishi Chemical","Japan ğŸ‡¯ğŸ‡µ"
"600","Dollar Tree","United States ğŸ‡ºğŸ‡¸"
"601","Bharat Petroleum","India ğŸ‡®ğŸ‡³"
"602","Infosys","India ğŸ‡®ğŸ‡³"
"603","MGM Resorts","United States ğŸ‡ºğŸ‡¸"
"604","Kao","Japan ğŸ‡¯ğŸ‡µ"
"605","International Paper","United States ğŸ‡ºğŸ‡¸"
"606","CGN Power","China ğŸ‡¨ğŸ‡³"
"607","Formosa Petrochemical","Taiwan ğŸ‡¹ğŸ‡¼"
"608","PPG","United States ğŸ‡ºğŸ‡¸"
"609","Swire Pacific","Hong Kong ğŸ‡­ğŸ‡°"
"610","Coca-Cola European Partners","United Kingdom ğŸ‡¬ğŸ‡§"
"610","CSL","Australia ğŸ‡¦ğŸ‡º"
"612","Coal India","India ğŸ‡®ğŸ‡³"
"613","Woori Financial Group","South Korea ğŸ‡°ğŸ‡·"
"614","Daiichi Sankyo","Japan ğŸ‡¯ğŸ‡µ"
"615","SK Telecom","South Korea ğŸ‡°ğŸ‡·"
"616","Fox","United States ğŸ‡ºğŸ‡¸"
"617","Crown Castle International","United States ğŸ‡ºğŸ‡¸"
"618","Ageas","Belgium ğŸ‡§ğŸ‡ª"
"619","Republic Services","United States ğŸ‡ºğŸ‡¸"
"620","Metallurgical Corp of China","China ğŸ‡¨ğŸ‡³"
"620","Neste","Finland ğŸ‡«ğŸ‡®"
"622","MÃ¸ller-Maersk","Denmark ğŸ‡©ğŸ‡°"
"623","CBRE Group","United States ğŸ‡ºğŸ‡¸"
"624","International Airlines","United Kingdom ğŸ‡¬ğŸ‡§"
"625","Nokia","Finland ğŸ‡«ğŸ‡®"
"626","Omnicom Group","United States ğŸ‡ºğŸ‡¸"
"627","Essity Ab","Sweden ğŸ‡¸ğŸ‡ª"
"628","Ross Stores","United States ğŸ‡ºğŸ‡¸"
"629","Industrial Bank of Korea","South Korea ğŸ‡°ğŸ‡·"
"630","Schlumberger","United States ğŸ‡ºğŸ‡¸"
"631","Deutsche Lufthansa","Germany ğŸ‡©ğŸ‡ª"
"632","Stanley Black & Decker","United States ğŸ‡ºğŸ‡¸"
"632","Wheelock","Hong Kong ğŸ‡­ğŸ‡°"
"634","Asahi Kasei","Japan ğŸ‡¯ğŸ‡µ"
"635","Kellogg","United States ğŸ‡ºğŸ‡¸"
"636","SSE","United Kingdom ğŸ‡¬ğŸ‡§"
"637","Daqin Railway","China ğŸ‡¨ğŸ‡³"
"638","Haitong Securities","China ğŸ‡¨ğŸ‡³"
"639","Fidelity National Information","United States ğŸ‡ºğŸ‡¸"
"639","Henderson Land","Hong Kong ğŸ‡­ğŸ‡°"
"641","Regions Financial","United States ğŸ‡ºğŸ‡¸"
"642","JFE Holdings","Japan ğŸ‡¯ğŸ‡µ"
"643","NEC","Japan ğŸ‡¯ğŸ‡µ"
"644","Capgemini","France ğŸ‡«ğŸ‡·"
"645","Repsol","Spain ğŸ‡ªğŸ‡¸"
"646","Continental","Germany ğŸ‡©ğŸ‡ª"
"646","Regeneron Pharmaceuticals","United States ğŸ‡ºğŸ‡¸"
"648","New World Development","Hong Kong ğŸ‡­ğŸ‡°"
"648","Royal Caribbean Cruises","United States ğŸ‡ºğŸ‡¸"
"650","ArcelorMittal","Luxembourg ğŸ‡±ğŸ‡º"
"650","Reckitt Benckiser Group","United Kingdom ğŸ‡¬ğŸ‡§"
"652","Vonovia","Germany ğŸ‡©ğŸ‡ª"
"653","Fortis (Canada)","Canada ğŸ‡¨ğŸ‡¦"
"654","Resona Holdings","Japan ğŸ‡¯ğŸ‡µ"
"655","FirstEnergy","United States ğŸ‡ºğŸ‡¸"
"656","Ally Financial","United States ğŸ‡ºğŸ‡¸"
"657","Zimmer Biomet","United States ğŸ‡ºğŸ‡¸"
"658","Atlas Copco","Sweden ğŸ‡¸ğŸ‡ª"
"659","Lam Research","United States ğŸ‡ºğŸ‡¸"
"660","CLP Holdings","Hong Kong ğŸ‡­ğŸ‡°"
"661","Cardinal Health","United States ğŸ‡ºğŸ‡¸"
"662","Activision Blizzard","United States ğŸ‡ºğŸ‡¸"
"663","West Japan Railway","Japan ğŸ‡¯ğŸ‡µ"
"664","Public Bank","Malaysia ğŸ‡²ğŸ‡¾"
"665","WPP","United Kingdom ğŸ‡¬ğŸ‡§"
"666","CarMax","United States ğŸ‡ºğŸ‡¸"
"667","CNPC Capital","China ğŸ‡¨ğŸ‡³"
"668","Simon Property Group","United States ğŸ‡ºğŸ‡¸"
"669","Occidental Petroleum","United States ğŸ‡ºğŸ‡¸"
"670","London Stock Exchange","United Kingdom ğŸ‡¬ğŸ‡§"
"671","Eiffage","France ğŸ‡«ğŸ‡·"
"672","TE Connectivity","Switzerland ğŸ‡¨ğŸ‡­"
"673","Sodexo","France ğŸ‡«ğŸ‡·"
"674","Sumitomo Electric","Japan ğŸ‡¯ğŸ‡µ"
"675","Porsche Automobil Holding","Germany ğŸ‡©ğŸ‡ª"
"676","Reinsurance Group of America","United States ğŸ‡ºğŸ‡¸"
"677","National Bank of Kuwait","Kuwait ğŸ‡°ğŸ‡¼"
"678","HeidelbergCement","Germany ğŸ‡©ğŸ‡ª"
"679","AutoZone","United States ğŸ‡ºğŸ‡¸"
"680","Nidec","Japan ğŸ‡¯ğŸ‡µ"
"681","Lenovo Group","Hong Kong ğŸ‡­ğŸ‡°"
"682","Johnson Controls International","Ireland ğŸ‡®ğŸ‡ª"
"683","Unipol Gruppo","Italy ğŸ‡®ğŸ‡¹"
"684","S.F. Holding","China ğŸ‡¨ğŸ‡³"
"685","First Republic Bank","United States ğŸ‡ºğŸ‡¸"
"686","Xiamen C&D","China ğŸ‡¨ğŸ‡³"
"687","Beijing-Shanghai High-Speed Railway","China ğŸ‡¨ğŸ‡³"
"688","Hong Kong Exchanges","Hong Kong ğŸ‡­ğŸ‡°"
"689","CIMB Group Holdings","Malaysia ğŸ‡²ğŸ‡¾"
"690","WestRock","United States ğŸ‡ºğŸ‡¸"
"691","Telenor","Norway ğŸ‡³ğŸ‡´"
"692","Commerzbank","Germany ğŸ‡©ğŸ‡ª"
"693","Siam Cement","Thailand ğŸ‡¹ğŸ‡­"
"693","Tokyo Electron","Japan ğŸ‡¯ğŸ‡µ"
"695","Dongfeng Motor Group","China ğŸ‡¨ğŸ‡³"
"696","Gemdale","China ğŸ‡¨ğŸ‡³"
"696","Seazen Group","China ğŸ‡¨ğŸ‡³"
"698","Huatai Securities","China ğŸ‡¨ğŸ‡³"
"699","Wens Foodstuff Group","China ğŸ‡¨ğŸ‡³"
"700","Bharti Airtel","India ğŸ‡®ğŸ‡³"
"701","China Energy Engineering","China ğŸ‡¨ğŸ‡³"
"702","Nucor","United States ğŸ‡ºğŸ‡¸"
"703","Sany Heavy Industry","China ğŸ‡¨ğŸ‡³"
"704","Ericsson","Sweden ğŸ‡¸ğŸ‡ª"
"705","Baidu","China ğŸ‡¨ğŸ‡³"
"706","Kirin Holdings","Japan ğŸ‡¯ğŸ‡µ"
"707","SM Investments","Philippines ğŸ‡µğŸ‡­"
"708","Telkom Indonesia","Indonesia ğŸ‡®ğŸ‡©"
"709","Riyad Bank","Saudi Arabia ğŸ‡¸ğŸ‡¦"
"710","Legend Holding","China ğŸ‡¨ğŸ‡³"
"711","Grupo Aval","Colombia ğŸ‡¨ğŸ‡´"
"712","Ferguson","United Kingdom ğŸ‡¬ğŸ‡§"
"712","Uber","United States ğŸ‡ºğŸ‡¸"
"714","Kasikornbank","Thailand ğŸ‡¹ğŸ‡­"
"715","DP World","United Arab Emirates ğŸ‡¦ğŸ‡ª"
"716","Geely Automobile Holdings","Hong Kong ğŸ‡­ğŸ‡°"
"717","Credicorp","Peru ğŸ‡µğŸ‡ª"
"718","Isbank","Turkey ğŸ‡¹ğŸ‡·"
"719","LG Chem","South Korea ğŸ‡°ğŸ‡·"
"720","Analog Devices","United States ğŸ‡ºğŸ‡¸"
"720","Guangzhou R&F","China ğŸ‡¨ğŸ‡³"
"722","EletrobrÃ¡s","Brazil ğŸ‡§ğŸ‡·"
"723","Coles Group","Australia ğŸ‡¦ğŸ‡º"
"723","HermÃ¨s International","France ğŸ‡«ğŸ‡·"
"725","Raiffeisen Bank International","Austria ğŸ‡¦ğŸ‡¹"
"726","S&P Global","United States ğŸ‡ºğŸ‡¸"
"727","Axis Bank","India ğŸ‡®ğŸ‡³"
"728","Samsung Fire & Marine","South Korea ğŸ‡°ğŸ‡·"
"729","Carlsberg","Denmark ğŸ‡©ğŸ‡°"
"730","Mega Financial Holding","Taiwan ğŸ‡¹ğŸ‡¼"
"731","China Reinsurance Group","China ğŸ‡¨ğŸ‡³"
"731","Grupa PZU","Poland ğŸ‡µğŸ‡±"
"731","Mapfre","Spain ğŸ‡ªğŸ‡¸"
"734","Keyence","Japan ğŸ‡¯ğŸ‡µ"
"735","Raymond James Financial","United States ğŸ‡ºğŸ‡¸"
"736","Hikvision","China ğŸ‡¨ğŸ‡³"
"737","Thomson Reuters","Canada ğŸ‡¨ğŸ‡¦"
"738","VF","United States ğŸ‡ºğŸ‡¸"
"739","Aptiv","Ireland ğŸ‡®ğŸ‡ª"
"739","Conagra Brands","United States ğŸ‡ºğŸ‡¸"
"741","T&D Holdings","Japan ğŸ‡¯ğŸ‡µ"
"742","Canadian Pacific Railway","Canada ğŸ‡¨ğŸ‡¦"
"742","Link REIT","Hong Kong ğŸ‡­ğŸ‡°"
"744","CenturyLink","United States ğŸ‡ºğŸ‡¸"
"745","Siam Commercial Bank","Thailand ğŸ‡¹ğŸ‡­"
"746","O'Reilly Automotive","United States ğŸ‡ºğŸ‡¸"
"747","CenterPoint Energy","United States ğŸ‡ºğŸ‡¸"
"748","Wanhua Chemical Group","China ğŸ‡¨ğŸ‡³"
"749","Corteva","United States ğŸ‡ºğŸ‡¸"
"750","Vestas Wind Systems","Denmark ğŸ‡©ğŸ‡°"
"751","Guotai Junan Securities","China ğŸ‡¨ğŸ‡³"
"752","Shengjing Bank","China ğŸ‡¨ğŸ‡³"
"753","Huntington Bank","United States ğŸ‡ºğŸ‡¸"
"754","BÃ¢loise Group","Switzerland ğŸ‡¨ğŸ‡­"
"755","Fortum","Finland ğŸ‡«ğŸ‡®"
"756","Vistra Energy","United States ğŸ‡ºğŸ‡¸"
"757","Roper Technologies","United States ğŸ‡ºğŸ‡¸"
"758","Otis Worldwide","United States ğŸ‡ºğŸ‡¸"
"759","Arch Capital Group","Bermuda ğŸ‡§ğŸ‡²"
"760","Shenzhen Overseas","China ğŸ‡¨ğŸ‡³"
"761","CapitaLand","Singapore ğŸ‡¸ğŸ‡¬"
"762","Rosseti","Russia ğŸ‡·ğŸ‡º"
"763","Infineon Technologies","Germany ğŸ‡©ğŸ‡ª"
"764","Intuit","United States ğŸ‡ºğŸ‡¸"
"765","Formosa Chemicals","Taiwan ğŸ‡¹ğŸ‡¼"
"765","Kone","Finland ğŸ‡«ğŸ‡®"
"767","Unum","United States ğŸ‡ºğŸ‡¸"
"768","Wuliangye Yibin","China ğŸ‡¨ğŸ‡³"
"769","Publicis Groupe","France ğŸ‡«ğŸ‡·"
"770","LG Electronics","South Korea ğŸ‡°ğŸ‡·"
"771","Cheniere Energy","United States ğŸ‡ºğŸ‡¸"
"771","Huishang Bank","China ğŸ‡¨ğŸ‡³"
"773","Logan Property Holdings","China ğŸ‡¨ğŸ‡³"
"774","UPM-Kymmene","Finland ğŸ‡«ğŸ‡®"
"775","PKN Orlen","Poland ğŸ‡µğŸ‡±"
"776","Abu Dhabi Commercial Bank","United Arab Emirates ğŸ‡¦ğŸ‡ª"
"777","Suncorp Group","Australia ğŸ‡¦ğŸ‡º"
"778","Zijin Mining Group","China ğŸ‡¨ğŸ‡³"
"779","ZTE","China ğŸ‡¨ğŸ‡³"
"780","Samba Financial Group","Saudi Arabia ğŸ‡¸ğŸ‡¦"
"781","Telia","Sweden ğŸ‡¸ğŸ‡ª"
"782","Kuehne & Nagel International","Switzerland ğŸ‡¨ğŸ‡­"
"783","CP All","Thailand ğŸ‡¹ğŸ‡­"
"783","Teva Pharmaceutical","Israel ğŸ‡®ğŸ‡±"
"785","Voya Financial","United States ğŸ‡ºğŸ‡¸"
"786","TDK","Japan ğŸ‡¯ğŸ‡µ"
"787","DSM","Netherlands ğŸ‡³ğŸ‡±"
"788","China Coal Energy","China ğŸ‡¨ğŸ‡³"
"789","George Weston","Canada ğŸ‡¨ğŸ‡¦"
"790","Bank Of Hangzhou","China ğŸ‡¨ğŸ‡³"
"791","Absa Group","South Africa ğŸ‡¿ğŸ‡¦"
"792","Inner Mongolia Yili","China ğŸ‡¨ğŸ‡³"
"793","Secom","Japan ğŸ‡¯ğŸ‡µ"
"794","Pioneer Natural Resources","United States ğŸ‡ºğŸ‡¸"
"795","Hilton","United States ğŸ‡ºğŸ‡¸"
"796","Alexion Pharmaceuticals","United States ğŸ‡ºğŸ‡¸"
"797","Renault","France ğŸ‡«ğŸ‡·"
"798","Shin Kong Financial","Taiwan ğŸ‡¹ğŸ‡¼"
"799","Garanti Bank","Turkey ğŸ‡¹ğŸ‡·"
"799","Obayashi","Japan ğŸ‡¯ğŸ‡µ"
"801","Kuwait Finance House","Kuwait ğŸ‡°ğŸ‡¼"
"802","Nan Ya Plastics","Taiwan ğŸ‡¹ğŸ‡¼"
"803","Ball","United States ğŸ‡ºğŸ‡¸"
"804","Deutsche Wohnen","Germany ğŸ‡©ğŸ‡ª"
"805","Shaanxi Coal Industry","China ğŸ‡¨ğŸ‡³"
"806","Meituan Dianping","China ğŸ‡¨ğŸ‡³"
"806","Restaurant Brands International","Canada ğŸ‡¨ğŸ‡¦"
"808","Chunghwa Telecom","Taiwan ğŸ‡¹ğŸ‡¼"
"809","HCL Technologies","India ğŸ‡®ğŸ‡³"
"810","Ameren","United States ğŸ‡ºğŸ‡¸"
"811","Schindler Holding","Switzerland ğŸ‡¨ğŸ‡­"
"812","Zoetis","United States ğŸ‡ºğŸ‡¸"
"813","Oneok","United States ğŸ‡ºğŸ‡¸"
"814","Saudi British Bank","Saudi Arabia ğŸ‡¸ğŸ‡¦"
"815","Chongqing Rural Bank","China ğŸ‡¨ğŸ‡³"
"816","Ryanair Holdings","Ireland ğŸ‡®ğŸ‡ª"
"817","BOE Technology Group","China ğŸ‡¨ğŸ‡³"
"818","Idemitsu Kosan","Japan ğŸ‡¯ğŸ‡µ"
"818","Toshiba","Japan ğŸ‡¯ğŸ‡µ"
"820","Power Finance","India ğŸ‡®ğŸ‡³"
"821","Asr Nederland","Netherlands ğŸ‡³ğŸ‡±"
"822","STMicroelectronics","Switzerland ğŸ‡¨ğŸ‡­"
"823","Assa Abloy","Sweden ğŸ‡¸ğŸ‡ª"
"824","QBE Insurance Group","Australia ğŸ‡¦ğŸ‡º"
"825","Equitable Holdings","United States ğŸ‡ºğŸ‡¸"
"826","Phoenix Group Holdings","United Kingdom ğŸ‡¬ğŸ‡§"
"827","CDW","United States ğŸ‡ºğŸ‡¸"
"828","Tata Steel","India ğŸ‡®ğŸ‡³"
"829","Hormel Foods","United States ğŸ‡ºğŸ‡¸"
"829","Toray Industries","Japan ğŸ‡¯ğŸ‡µ"
"831","Rakuten","Japan ğŸ‡¯ğŸ‡µ"
"832","BYD","China ğŸ‡¨ğŸ‡³"
"833","Whirlpool","United States ğŸ‡ºğŸ‡¸"
"834","CMS Energy","United States ğŸ‡ºğŸ‡¸"
"835","Quanta Computer","Taiwan ğŸ‡¹ğŸ‡¼"
"836","KoÃ§ Holding","Turkey ğŸ‡¹ğŸ‡·"
"837","Banco de Sabadell","Spain ğŸ‡ªğŸ‡¸"
"837","Formosa Plastics","Taiwan ğŸ‡¹ğŸ‡¼"
"839","Amphenol","United States ğŸ‡ºğŸ‡¸"
"840","Seagate Technology","Ireland ğŸ‡®ğŸ‡ª"
"841","OTP Bank","Hungary"
"842","Luxshare Precision Industry","China ğŸ‡¨ğŸ‡³"
"842","SVB Financial Group","United States ğŸ‡ºğŸ‡¸"
"844","Uni-President","Taiwan ğŸ‡¹ğŸ‡¼"
"845","Power Grid of India","India ğŸ‡®ğŸ‡³"
"846","Bank Leumi","Israel ğŸ‡®ğŸ‡±"
"847","DSV Panalpina","Denmark ğŸ‡©ğŸ‡°"
"848","Hershey","United States ğŸ‡ºğŸ‡¸"
"849","Electronic Arts","United States ğŸ‡ºğŸ‡¸"
"850","Akbank","Turkey ğŸ‡¹ğŸ‡·"
"851","Hanwha","South Korea ğŸ‡°ğŸ‡·"
"852","American Financial Group","United States ğŸ‡ºğŸ‡¸"
"853","Genuine Parts","United States ğŸ‡ºğŸ‡¸"
"854","Trip.com Group","China ğŸ‡¨ğŸ‡³"
"855","Bangkok Bank","Thailand ğŸ‡¹ğŸ‡­"
"856","Bancolombia","Colombia ğŸ‡¨ğŸ‡´"
"856","United Rentals","United States ğŸ‡ºğŸ‡¸"
"858","China Gas Holdings","Hong Kong ğŸ‡­ğŸ‡°"
"859","Global Payments","United States ğŸ‡ºğŸ‡¸"
"860","Fortive","United States ğŸ‡ºğŸ‡¸"
"861","Leonardo","Italy ğŸ‡®ğŸ‡¹"
"862","China Jinmao","Hong Kong ğŸ‡­ğŸ‡°"
"863","Equinix","United States ğŸ‡ºğŸ‡¸"
"864","Old Mutual","South Africa ğŸ‡¿ğŸ‡¦"
"865","China Eastern Airlines","China ğŸ‡¨ğŸ‡³"
"866","Freeport-McMoRan","United States ğŸ‡ºğŸ‡¸"
"867","Jinke Property Group","China ğŸ‡¨ğŸ‡³"
"868","DaVita","United States ğŸ‡ºğŸ‡¸"
"868","Sandvik","Sweden ğŸ‡¸ğŸ‡ª"
"870","MediaTek","Taiwan ğŸ‡¹ğŸ‡¼"
"871","China Gezhouba","China ğŸ‡¨ğŸ‡³"
"872","RiseSun Real Estate Development","China ğŸ‡¨ğŸ‡³"
"873","Intact Financial","Canada ğŸ‡¨ğŸ‡¦"
"874","Tohoku Electric Power","Japan ğŸ‡¯ğŸ‡µ"
"875","New Hope Liuhe","China ğŸ‡¨ğŸ‡³"
"876","ASE Technology Holding","Taiwan ğŸ‡¹ğŸ‡¼"
"877","Towngas","Hong Kong ğŸ‡­ğŸ‡°"
"878","Corning","United States ğŸ‡ºğŸ‡¸"
"879","T Rowe Price","United States ğŸ‡ºğŸ‡¸"
"880","Liberty Global","United Kingdom ğŸ‡¬ğŸ‡§"
"880","Snam","Italy ğŸ‡®ğŸ‡¹"
"882","Equity Residential","United States ğŸ‡ºğŸ‡¸"
"883","Pembina Pipeline","Canada ğŸ‡¨ğŸ‡¦"
"884","Baker Hughes Company","United States ğŸ‡ºğŸ‡¸"
"885","NRG Energy","United States ğŸ‡ºğŸ‡¸"
"886","Sabanci Holding","Turkey ğŸ‡¹ğŸ‡·"
"887","NortonLifeLock","United States ğŸ‡ºğŸ‡¸"
"888","Shiseido","Japan ğŸ‡¯ğŸ‡µ"
"889","St. James's Place","United Kingdom ğŸ‡¬ğŸ‡§"
"890","Sanlam","South Africa ğŸ‡¿ğŸ‡¦"
"891","Vedanta Limited","India ğŸ‡®ğŸ‡³"
"892","China National Nuclear Power","China ğŸ‡¨ğŸ‡³"
"892","Expedia Group","United States ğŸ‡ºğŸ‡¸"
"894","Taisei","Japan ğŸ‡¯ğŸ‡µ"
"895","TransDigm Group","United States ğŸ‡ºğŸ‡¸"
"896","Everest Re Group","Bermuda ğŸ‡§ğŸ‡²"
"897","Sumitomo Chemical","Japan ğŸ‡¯ğŸ‡µ"
"898","Aisin Seiki","Japan ğŸ‡¯ğŸ‡µ"
"898","IQVIA","United States ğŸ‡ºğŸ‡¸"
"900","Pegatron","Taiwan ğŸ‡¹ğŸ‡¼"
"901","E.Sun Financial","Taiwan ğŸ‡¹ğŸ‡¼"
"902","Guangzhou Automobile Group","China ğŸ‡¨ğŸ‡³"
"903","CEZ Group","Czech Republic ğŸ‡¨ğŸ‡¿"
"904","Wipro","India ğŸ‡®ğŸ‡³"
"905","Beiersdorf","Germany ğŸ‡©ğŸ‡ª"
"905","Guangzhou Rural Commercial Bank","China ğŸ‡¨ğŸ‡³"
"907","ITC","India ğŸ‡®ğŸ‡³"
"908","CIFI Holdings Group","China ğŸ‡¨ğŸ‡³"
"909","China Southern Airlines","China ğŸ‡¨ğŸ‡³"
"910","Yanzhou Coal Mining","China ğŸ‡¨ğŸ‡³"
"911","Nedbank","South Africa ğŸ‡¿ğŸ‡¦"
"912","E-Trade Financial","United States ğŸ‡ºğŸ‡¸"
"913","Motorola Solutions","United States ğŸ‡ºğŸ‡¸"
"914","Daiwa Securities","Japan ğŸ‡¯ğŸ‡µ"
"915","Vertex Pharmaceuticals","United States ğŸ‡ºğŸ‡¸"
"916","Gallagher","United States ğŸ‡ºğŸ‡¸"
"917","Moody's","United States ğŸ‡ºğŸ‡¸"
"918","Western Digital","United States ğŸ‡ºğŸ‡¸"
"919","GF Securities","China ğŸ‡¨ğŸ‡³"
"920","Akzo Nobel","Netherlands ğŸ‡³ğŸ‡±"
"920","Rolls-Royce Holdings","United Kingdom ğŸ‡¬ğŸ‡§"
"922","Alleghany","United States ğŸ‡ºğŸ‡¸"
"923","WW Grainger","United States ğŸ‡ºğŸ‡¸"
"924","BAIC Motor","China ğŸ‡¨ğŸ‡³"
"925","Shanghai International Port","China ğŸ‡¨ğŸ‡³"
"926","Stora Enso","Finland ğŸ‡«ğŸ‡®"
"927","Fukuoka Financial Group","Japan ğŸ‡¯ğŸ‡µ"
"928","Constellation Brands","United States ğŸ‡ºğŸ‡¸"
"929","SK Innovation","South Korea ğŸ‡°ğŸ‡·"
"930","Tokyo Gas","Japan ğŸ‡¯ğŸ‡µ"
"931","Kajima","Japan ğŸ‡¯ğŸ‡µ"
"932","Air Canada","Canada ğŸ‡¨ğŸ‡¦"
"932","Dubai Islamic Bank","United Arab Emirates ğŸ‡¦ğŸ‡ª"
"934","Banque Saudi Fransi","Saudi Arabia ğŸ‡¸ğŸ‡¦"
"935","ItaÃºsa","Brazil ğŸ‡§ğŸ‡·"
"936","Lonza Group","Switzerland ğŸ‡¨ğŸ‡­"
"937","BDO Unibank","Philippines ğŸ‡µğŸ‡­"
"937","Joint Stock Commercial Bank for Foreign Trade of Vietnam","Vietnam ğŸ‡»ğŸ‡³"
"939","Iliad","France ğŸ‡«ğŸ‡·"
"940","First Financial Holding","Taiwan ğŸ‡¹ğŸ‡¼"
"941","Banco BPM","Italy ğŸ‡®ğŸ‡¹"
"942","Shimizu","Japan ğŸ‡¯ğŸ‡µ"
"943","Aena","Spain ğŸ‡ªğŸ‡¸"
"943","Agile Group Holdings","China ğŸ‡¨ğŸ‡³"
"943","Contemporary Amperex Technology","China ğŸ‡¨ğŸ‡³"
"943","Isuzu Motors","Japan ğŸ‡¯ğŸ‡µ"
"943","Legrand","France ğŸ‡«ğŸ‡·"
"948","Digital Realty Trust","United States ğŸ‡ºğŸ‡¸"
"949","Mazda Motor","Japan ğŸ‡¯ğŸ‡µ"
"950","Scor","France ğŸ‡«ğŸ‡·"
"951","Japan Airlines","Japan ğŸ‡¯ğŸ‡µ"
"952","Bajaj Finserv","India ğŸ‡®ğŸ‡³"
"952","Cintas","United States ğŸ‡ºğŸ‡¸"
"954","Intuitive Surgical","United States ğŸ‡ºğŸ‡¸"
"955","Chugoku Electric Power","Japan ğŸ‡¯ğŸ‡µ"
"956","Altice USA","United States ğŸ‡ºğŸ‡¸"
"956","CGI Group","Canada ğŸ‡¨ğŸ‡¦"
"958","PKO Bank Polski","Poland ğŸ‡µğŸ‡±"
"959","Grifols","Spain ğŸ‡ªğŸ‡¸"
"960","Sika","Switzerland ğŸ‡¨ğŸ‡­"
"961","Huaneng Power International","China ğŸ‡¨ğŸ‡³"
"962","Japan Exchange Group","Japan ğŸ‡¯ğŸ‡µ"
"963","Suntory Beverage & Food","Japan ğŸ‡¯ğŸ‡µ"
"964","Muyuan Foodstuff","China ğŸ‡¨ğŸ‡³"
"965","Hindalco Industries","India ğŸ‡®ğŸ‡³"
"966","Sharp","Japan ğŸ‡¯ğŸ‡µ"
"967","American Airlines Group","United States ğŸ‡ºğŸ‡¸"
"968","Amadeus IT Group","Spain ğŸ‡ªğŸ‡¸"
"969","Molina Healthcare","United States ğŸ‡ºğŸ‡¸"
"970","Novolipetsk Steel","Russia ğŸ‡·ğŸ‡º"
"971","Hoya","Japan ğŸ‡¯ğŸ‡µ"
"972","Yara International","Norway ğŸ‡³ğŸ‡´"
"973","Qatar Islamic Bank","Qatar ğŸ‡¶ğŸ‡¦"
"974","Galaxy Entertainment","Hong Kong ğŸ‡­ğŸ‡°"
"975","Welltower","United States ğŸ‡ºğŸ‡¸"
"976","China Development Financial","Taiwan ğŸ‡¹ğŸ‡¼"
"976","Helvetia Holding","Switzerland ğŸ‡¨ğŸ‡­"
"978","China Hongqiao Group","China ğŸ‡¨ğŸ‡³"
"979","Tokyu","Japan ğŸ‡¯ğŸ‡µ"
"980","Adecco","Switzerland ğŸ‡¨ğŸ‡­"
"981","Emaar Properties","United Arab Emirates ğŸ‡¦ğŸ‡ª"
"981","KT","South Korea ğŸ‡°ğŸ‡·"
"983","Public Storage","United States ğŸ‡ºğŸ‡¸"
"984","AvalonBay Communities","United States ğŸ‡ºğŸ‡¸"
"985","IHS Markit","United Kingdom ğŸ‡¬ğŸ‡§"
"986","Taiwan Cooperative Financial","Taiwan ğŸ‡¹ğŸ‡¼"
"987","PG&E","United States ğŸ‡ºğŸ‡¸"
"988","Toppan Printing","Japan ğŸ‡¯ğŸ‡µ"
"989","Mitsubishi UFJ Lease","Japan ğŸ‡¯ğŸ‡µ"
"990","Yum! Brands","United States ğŸ‡ºğŸ‡¸"
"991","Turkish Airlines","Turkey ğŸ‡¹ğŸ‡·"
"992","Amcor","United Kingdom ğŸ‡¬ğŸ‡§"
"992","Boston Properties","United States ğŸ‡ºğŸ‡¸"
"994","Osaka Gas","Japan ğŸ‡¯ğŸ‡µ"
"995","Financiere de l'Odet","France ğŸ‡«ğŸ‡·"
"996","ENN Energy Holdings","China ğŸ‡¨ğŸ‡³"
"997","Leidos","United States ğŸ‡ºğŸ‡¸"
"997","Vornado Realty","United States ğŸ‡ºğŸ‡¸"
"999","China Merchants Securities","China ğŸ‡¨ğŸ‡³"
"1000","Macy's","United States ğŸ‡ºğŸ‡¸"
"1001","Alcon","Switzerland ğŸ‡¨ğŸ‡­"
"1002","EN+ Group International","Cyprus ğŸ‡¨ğŸ‡¾"
"1002","Thai Beverage","Thailand ğŸ‡¹ğŸ‡­"
"1004","Gecina","France ğŸ‡«ğŸ‡·"
"1004","VakifBank","Turkey ğŸ‡¹ğŸ‡·"
"1006","Edwards Lifesciences","United States ğŸ‡ºğŸ‡¸"
"1007","ATOS","France ğŸ‡«ğŸ‡·"
"1008","Skanska","Sweden ğŸ‡¸ğŸ‡ª"
"1009","Shanghai Pharmaceuticals","China ğŸ‡¨ğŸ‡³"
"1010","American Water Works","United States ğŸ‡ºğŸ‡¸"
"1010","Halliburton","United States ğŸ‡ºğŸ‡¸"
"1012","China Life Insurance (Taiwan)","Taiwan ğŸ‡¹ğŸ‡¼"
"1013","Arab National Bank","Saudi Arabia ğŸ‡¸ğŸ‡¦"
"1014","Randstad N.V.","Netherlands ğŸ‡³ğŸ‡±"
"1015","KLA","United States ğŸ‡ºğŸ‡¸"
"1016","Zhongsheng Group Holdings","China ğŸ‡¨ğŸ‡³"
"1017","Guosen Securities","China ğŸ‡¨ğŸ‡³"
"1017","Twitter","United States ğŸ‡ºğŸ‡¸"
"1019","China Huarong Asset Management","China ğŸ‡¨ğŸ‡³"
"1020","Dassault Systemes","France ğŸ‡«ğŸ‡·"
"1021","Polyus","Russia ğŸ‡·ğŸ‡º"
"1022","Bank Hapoalim","Israel ğŸ‡®ğŸ‡±"
"1022","Grupo Elektra","Mexico ğŸ‡²ğŸ‡½"
"1024","Finatis","France ğŸ‡«ğŸ‡·"
"1025","NXP Semiconductors","Netherlands ğŸ‡³ğŸ‡±"
"1026","Aroundtown","Luxembourg ğŸ‡±ğŸ‡º"
"1026","China Mengniu Dairy","Hong Kong ğŸ‡­ğŸ‡°"
"1028","Jiangsu Zhongnan Construction Group","China ğŸ‡¨ğŸ‡³"
"1029","Evergy","United States ğŸ‡ºğŸ‡¸"
"1030","Givaudan","Switzerland ğŸ‡¨ğŸ‡­"
"1030","JM Smucker","United States ğŸ‡ºğŸ‡¸"
"1032","iA Financial Corporation","Canada ğŸ‡¨ğŸ‡¦"
"1033","WR Berkley","United States ğŸ‡ºğŸ‡¸"
"1034","SMC","Japan ğŸ‡¯ğŸ‡µ"
"1035","ThyssenKrupp Group","Germany ğŸ‡©ğŸ‡ª"
"1036","AMP","Australia ğŸ‡¦ğŸ‡º"
"1037","Tata Motors","India ğŸ‡®ğŸ‡³"
"1038","Illumina","United States ğŸ‡ºğŸ‡¸"
"1039","Advanced Micro Devices","United States ğŸ‡ºğŸ‡¸"
"1040","Microchip Technology","United States ğŸ‡ºğŸ‡¸"
"1041","Pan Pacific International Holdings","Japan ğŸ‡¯ğŸ‡µ"
"1042","Shanghai Construction","China ğŸ‡¨ğŸ‡³"
"1043","China Resources Power","Hong Kong ğŸ‡­ğŸ‡°"
"1044","MOL Hungarian Oil","Hungary"
"1045","Clorox","United States ğŸ‡ºğŸ‡¸"
"1046","Krung Thai Bank","Thailand ğŸ‡¹ğŸ‡­"
"1047","Kerry Group","Ireland ğŸ‡®ğŸ‡ª"
"1048","BBMG","China ğŸ‡¨ğŸ‡³"
"1049","Monster Beverage","United States ğŸ‡ºğŸ‡¸"
"1050","HAL Trust","Monaco"
"1051","Severstal","Russia ğŸ‡·ğŸ‡º"
"1052","Genworth Financial","United States ğŸ‡ºğŸ‡¸"
"1053","Bank Negara Indonesia","Indonesia ğŸ‡®ğŸ‡©"
"1053","Terumo","Japan ğŸ‡¯ğŸ‡µ"
"1055","Bank of Greece","Greece ğŸ‡¬ğŸ‡·"
"1056","Eastman Chemical","United States ğŸ‡ºğŸ‡¸"
"1057","Quest Diagnostics","United States ğŸ‡ºğŸ‡¸"
"1058","J Sainsbury","United Kingdom ğŸ‡¬ğŸ‡§"
"1059","Shanghai Electric Group","China ğŸ‡¨ğŸ‡³"
"1060","Grasim Industries","India ğŸ‡®ğŸ‡³"
"1061","Eisai","Japan ğŸ‡¯ğŸ‡µ"
"1062","Jefferies Financial","United States ğŸ‡ºğŸ‡¸"
"1063","Bank of Baroda","India ğŸ‡®ğŸ‡³"
"1064","Rockwell Automation","United States ğŸ‡ºğŸ‡¸"
"1065","Ashtead Group","United Kingdom ğŸ‡¬ğŸ‡§"
"1066","Jiangsu Hengrui Medicine","China ğŸ‡¨ğŸ‡³"
"1066","Rongsheng Petrochemical","China ğŸ‡¨ğŸ‡³"
"1068","Advanced Info Service","Thailand ğŸ‡¹ğŸ‡­"
"1069","Tokyo Century","Japan ğŸ‡¯ğŸ‡µ"
"1070","Align Technology","United States ğŸ‡ºğŸ‡¸"
"1071","Charoen Pokphand Foods","Thailand ğŸ‡¹ğŸ‡­"
"1072","Beijing Enterprises","Hong Kong ğŸ‡­ğŸ‡°"
"1073","Foshan Haitian Flavouring and Food","China ğŸ‡¨ğŸ‡³"
"1074","Yuanta Financial Holding","Taiwan ğŸ‡¹ğŸ‡¼"
"1075","Mediobanca","Italy ğŸ‡®ğŸ‡¹"
"1075","Swatch Group","Switzerland ğŸ‡¨ğŸ‡­"
"1077","Julius Baer Group","Switzerland ğŸ‡¨ğŸ‡­"
"1078","Lundbergs","Sweden ğŸ‡¸ğŸ‡ª"
"1079","Hua Nan Financial","Taiwan ğŸ‡¹ğŸ‡¼"
"1080","Paychex","United States ğŸ‡ºğŸ‡¸"
"1080","Terna","Italy ğŸ‡®ğŸ‡¹"
"1082","Yango Group","China ğŸ‡¨ğŸ‡³"
"1083","GD Power Development","China ğŸ‡¨ğŸ‡³"
"1084","LabCorp","United States ğŸ‡ºğŸ‡¸"
"1085","Sun Art Retail Group","Hong Kong ğŸ‡­ğŸ‡°"
"1086","Jeronimo Martins","Portugal ğŸ‡µğŸ‡¹"
"1087","Fanuc","Japan ğŸ‡¯ğŸ‡µ"
"1088","Marvell Technology Group","Bermuda ğŸ‡§ğŸ‡²"
"1089","China Resources Pharmaceutical Group","Hong Kong ğŸ‡­ğŸ‡°"
"1090","ServiceNow","United States ğŸ‡ºğŸ‡¸"
"1091","Lear","United States ğŸ‡ºğŸ‡¸"
"1092","Delta Electronics","Taiwan ğŸ‡¹ğŸ‡¼"
"1093","Markel","United States ğŸ‡ºğŸ‡¸"
"1094","TUI","Germany ğŸ‡©ğŸ‡ª"
"1095","Inter Rao","Russia ğŸ‡·ğŸ‡º"
"1096","Air France-KLM","France ğŸ‡«ğŸ‡·"
"1097","Falabella","Chile ğŸ‡¨ğŸ‡±"
"1098","SDIC Power Holdings","China ğŸ‡¨ğŸ‡³"
"1099","Hankyu Hanshin Holdings","Japan ğŸ‡¯ğŸ‡µ"
"1100","Universal Health","United States ğŸ‡ºğŸ‡¸"
"1100","Yum China Holdings","China ğŸ‡¨ğŸ‡³"
"1102","UCB","Belgium ğŸ‡§ğŸ‡ª"
"1103","Metro","Canada ğŸ‡¨ğŸ‡¦"
"1104","Mylan","United Kingdom ğŸ‡¬ğŸ‡§"
"1104","PulteGroup","United States ğŸ‡ºğŸ‡¸"
"1106","CJ Corporation","South Korea ğŸ‡°ğŸ‡·"
"1107","Investec","United Kingdom ğŸ‡¬ğŸ‡§"
"1107","Knorr-Bremse","Germany ğŸ‡©ğŸ‡ª"
"1107","Sojitz","Japan ğŸ‡¯ğŸ‡µ"
"1110","Vipshop Holdings","China ğŸ‡¨ğŸ‡³"
"1111","Altice Europe","Netherlands ğŸ‡³ğŸ‡±"
"1112","Textron","United States ğŸ‡ºğŸ‡¸"
"1113","Brown-Forman","United States ğŸ‡ºğŸ‡¸"
"1114","Assurant","United States ğŸ‡ºğŸ‡¸"
"1115","Ferrovial","Spain ğŸ‡ªğŸ‡¸"
"1116","JSW Steel","India ğŸ‡®ğŸ‡³"
"1117","Olympus","Japan ğŸ‡¯ğŸ‡µ"
"1118","Bank of Ireland","Ireland ğŸ‡®ğŸ‡ª"
"1119","Lotte Chemical","South Korea ğŸ‡°ğŸ‡·"
"1120","LG Household & Health Care","South Korea ğŸ‡°ğŸ‡·"
"1121","AES","United States ğŸ‡ºğŸ‡¸"
"1121","Bank Of Guiyang","China ğŸ‡¨ğŸ‡³"
"1121","Kyushu Electric Power","Japan ğŸ‡¯ğŸ‡µ"
"1124","Alinma Bank","Saudi Arabia ğŸ‡¸ğŸ‡¦"
"1125","Crown Holdings","United States ğŸ‡ºğŸ‡¸"
"1126","China Steel","Taiwan ğŸ‡¹ğŸ‡¼"
"1127","Cadence Design","United States ğŸ‡ºğŸ‡¸"
"1128","Kohl's","United States ğŸ‡ºğŸ‡¸"
"1129","Bank of Tianjin","China ğŸ‡¨ğŸ‡³"
"1129","Shenzhen Mindray Bio-Medical Electronics","China ğŸ‡¨ğŸ‡³"
"1131","Vienna Insurance Group","Austria ğŸ‡¦ğŸ‡¹"
"1132","Agilent Technologies","United States ğŸ‡ºğŸ‡¸"
"1133","Cosco Shipping","China ğŸ‡¨ğŸ‡³"
"1134","Airports of Thailand","Thailand ğŸ‡¹ğŸ‡­"
"1135","Jiangsu Yanghe Brewery","China ğŸ‡¨ğŸ‡³"
"1136","Fastenal","United States ğŸ‡ºğŸ‡¸"
"1137","All Nippon Airways","Japan ğŸ‡¯ğŸ‡µ"
"1138","Attijariwafa Bank","Morocco ğŸ‡²ğŸ‡¦"
"1138","X5 Retail Group","Netherlands ğŸ‡³ğŸ‡±"
"1140","SGS","Switzerland ğŸ‡¨ğŸ‡­"
"1141","LG","South Korea ğŸ‡°ğŸ‡·"
"1142","C.H. Robinson","United States ğŸ‡ºğŸ‡¸"
"1143","Dover","United States ğŸ‡ºğŸ‡¸"
"1144","Csc Financial","China ğŸ‡¨ğŸ‡³"
"1144","Interpublic Group","United States ğŸ‡ºğŸ‡¸"
"1146","Dassault Aviation","France ğŸ‡«ğŸ‡·"
"1147","NVR","United States ğŸ‡ºğŸ‡¸"
"1148","Origin Energy","Australia ğŸ‡¦ğŸ‡º"
"1149","Ferrari","Italy ğŸ‡®ğŸ‡¹"
"1149","Waste Connections","Canada ğŸ‡¨ğŸ‡¦"
"1151","Bio-Rad Laboratories","United States ğŸ‡ºğŸ‡¸"
"1152","China Aoyuan Group","Hong Kong ğŸ‡­ğŸ‡°"
"1153","FleetCor Technologies","United States ğŸ‡ºğŸ‡¸"
"1154","Comerica","United States ğŸ‡ºğŸ‡¸"
"1155","Singapore Airlines","Singapore ğŸ‡¸ğŸ‡¬"
"1156","Experian","Ireland ğŸ‡®ğŸ‡ª"
"1157","Kaisa Group Holdings","China ğŸ‡¨ğŸ‡³"
"1158","Molson Coors Brewing","United States ğŸ‡ºğŸ‡¸"
"1159","AerCap Holdings","Ireland ğŸ‡®ğŸ‡ª"
"1159","Inner Mongolia Baotou Steel","China ğŸ‡¨ğŸ‡³"
"1161","Ametek","United States ğŸ‡ºğŸ‡¸"
"1162","Shionogi","Japan ğŸ‡¯ğŸ‡µ"
"1163","NASDAQ","United States ğŸ‡ºğŸ‡¸"
"1164","Shenwan Hongyuan Group","China ğŸ‡¨ğŸ‡³"
"1165","Bank of Changsha","China ğŸ‡¨ğŸ‡³"
"1166","Techtronic Industries","Hong Kong ğŸ‡­ğŸ‡°"
"1167","Huadian Power International","China ğŸ‡¨ğŸ‡³"
"1168","Aluminum Corp of China","China ğŸ‡¨ğŸ‡³"
"1168","Korea Gas","South Korea ğŸ‡°ğŸ‡·"
"1170","Top Frontier Investment Holdings","Philippines ğŸ‡µğŸ‡­"
"1171","Bank Of Chengdu","China ğŸ‡¨ğŸ‡³"
"1172","Mitsubishi Motors","Japan ğŸ‡¯ğŸ‡µ"
"1172","Scentre Group","Australia ğŸ‡¦ğŸ‡º"
"1174","Partners Group Holding","Switzerland ğŸ‡¨ğŸ‡­"
"1175","LKQ","United States ğŸ‡ºğŸ‡¸"
"1175","VeriSign","United States ğŸ‡ºğŸ‡¸"
"1177","Ulta Beauty","United States ğŸ‡ºğŸ‡¸"
"1178","Globe Life","United States ğŸ‡ºğŸ‡¸"
"1179","Brighthouse Financial","United States ğŸ‡ºğŸ‡¸"
"1180","Longi Green Energy Technology","China ğŸ‡¨ğŸ‡³"
"1181","LARGAN Precision","Taiwan ğŸ‡¹ğŸ‡¼"
"1182","Campbell Soup","United States ğŸ‡ºğŸ‡¸"
"1182","McCormick","United States ğŸ‡ºğŸ‡¸"
"1184","Anta Sports Products","China ğŸ‡¨ğŸ‡³"
"1185","MTN Group","South Africa ğŸ‡¿ğŸ‡¦"
"1186","Solvay","Belgium ğŸ‡§ğŸ‡ª"
"1187","Nitori Holdings","Japan ğŸ‡¯ğŸ‡µ"
"1188","Schroders","United Kingdom ğŸ‡¬ğŸ‡§"
"1189","Mondi","United Kingdom ğŸ‡¬ğŸ‡§"
"1190","HollyFrontier","United States ğŸ‡ºğŸ‡¸"
"1191","GS Holdings","South Korea ğŸ‡°ğŸ‡·"
"1191","Quilter","United Kingdom ğŸ‡¬ğŸ‡§"
"1191","Ricoh","Japan ğŸ‡¯ğŸ‡µ"
"1194","China International Capital","China ğŸ‡¨ğŸ‡³"
"1194","Galp Energia","Portugal ğŸ‡µğŸ‡¹"
"1196","Centrica","United Kingdom ğŸ‡¬ğŸ‡§"
"1197","Punjab National Bank","India ğŸ‡®ğŸ‡³"
"1198","Yamaha Motor","Japan ğŸ‡¯ğŸ‡µ"
"1199","Db Insurance","South Korea ğŸ‡°ğŸ‡·"
"1200","Franklin Resources","United States ğŸ‡ºğŸ‡¸"
"1201","Expeditors International","United States ğŸ‡ºğŸ‡¸"
"1202","Wolters Kluwer","Netherlands ğŸ‡³ğŸ‡±"
"1203","Xilinx","United States ğŸ‡ºğŸ‡¸"
"1204","Oriental Land","Japan ğŸ‡¯ğŸ‡µ"
"1205","Goodman Group","Australia ğŸ‡¦ğŸ‡º"
"1206","Tractor Supply","United States ğŸ‡ºğŸ‡¸"
"1207","Oji Holdings","Japan ğŸ‡¯ğŸ‡µ"
"1208","Invesco","United States ğŸ‡ºğŸ‡¸"
"1209","Lululemon Athletica","Canada ğŸ‡¨ğŸ‡¦"
"1210","Samsung SDI","South Korea ğŸ‡°ğŸ‡·"
"1211","Zhongliang Holdings","China ğŸ‡¨ğŸ‡³"
"1212","Bankinter","Spain ğŸ‡ªğŸ‡¸"
"1212","Meiji Holdings","Japan ğŸ‡¯ğŸ‡µ"
"1214","Hesteel","China ğŸ‡¨ğŸ‡³"
"1215","Coloplast","Denmark ğŸ‡©ğŸ‡°"
"1216","KWG Group Holdings","Hong Kong ğŸ‡­ğŸ‡°"
"1217","DXC Technology","United States ğŸ‡ºğŸ‡¸"
"1218","Jiangxi Copper","China ğŸ‡¨ğŸ‡³"
"1219","China Resources Gas Group","Hong Kong ğŸ‡­ğŸ‡°"
"1219","Darden Restaurants","United States ğŸ‡ºğŸ‡¸"
"1221","Aeroports de Paris","France ğŸ‡«ğŸ‡·"
"1222","Garmin","Switzerland ğŸ‡¨ğŸ‡­"
"1223","Hydro One","Canada ğŸ‡¨ğŸ‡¦"
"1224","Datang International Power","China ğŸ‡¨ğŸ‡³"
"1225","Daito Trust Construction","Japan ğŸ‡¯ğŸ‡µ"
"1226","LG Display","South Korea ğŸ‡°ğŸ‡·"
"1227","Howmet Aerospace","United States ğŸ‡ºğŸ‡¸"
"1228","Storebrand","Norway ğŸ‡³ğŸ‡´"
"1229","Valeo","France ğŸ‡«ğŸ‡·"
"1230","AntarChile","Chile ğŸ‡¨ğŸ‡±"
"1231","Bunge","United States ğŸ‡ºğŸ‡¸"
"1232","Segro","United Kingdom ğŸ‡¬ğŸ‡§"
"1233","NEXON","Japan ğŸ‡¯ğŸ‡µ"
"1234","Ayala Corp","Philippines ğŸ‡µğŸ‡­"
"1235","Skyworks Solutions","United States ğŸ‡ºğŸ‡¸"
"1236","360 Security Technology","China ğŸ‡¨ğŸ‡³"
"1237","Canara Bank","India ğŸ‡®ğŸ‡³"
"1238","Arista Networks","United States ğŸ‡ºğŸ‡¸"
"1238","Naver","South Korea ğŸ‡°ğŸ‡·"
"1240","Saputo","Canada ğŸ‡¨ğŸ‡¦"
"1241","Shanghai Commercial & Savings Bank","Taiwan ğŸ‡¹ğŸ‡¼"
"1242","Bankia","Spain ğŸ‡ªğŸ‡¸"
"1243","Insurance Australia Group","Australia ğŸ‡¦ğŸ‡º"
"1244","Ahli United Bank","Bahrain ğŸ‡§ğŸ‡­"
"1244","Transurban Group","Australia ğŸ‡¦ğŸ‡º"
"1246","Olam International","Singapore ğŸ‡¸ğŸ‡¬"
"1247","Halkbank","Turkey ğŸ‡¹ğŸ‡·"
"1247","Mohawk Industries","United States ğŸ‡ºğŸ‡¸"
"1249","Hexagon","Sweden ğŸ‡¸ğŸ‡ª"
"1250","AGC","Japan ğŸ‡¯ğŸ‡µ"
"1250","J.B. Hunt Transport Services","United States ğŸ‡ºğŸ‡¸"
"1252","Zions Bancorp","United States ğŸ‡ºğŸ‡¸"
"1253","Hess","United States ğŸ‡ºğŸ‡¸"
"1254","Power Assets Holdings","Hong Kong ğŸ‡­ğŸ‡°"
"1255","Jones Lang LaSalle","United States ğŸ‡ºğŸ‡¸"
"1255","OMRON","Japan ğŸ‡¯ğŸ‡µ"
"1257","GAIL India","India ğŸ‡®ğŸ‡³"
"1258","Annaly Capital Management","United States ğŸ‡ºğŸ‡¸"
"1258","HNA Technology","China ğŸ‡¨ğŸ‡³"
"1258","Masraf Al Rayan","Qatar ğŸ‡¶ğŸ‡¦"
"1261","Realty Income","United States ğŸ‡ºğŸ‡¸"
"1262","KPN","Netherlands ğŸ‡³ğŸ‡±"
"1263","Wuchan Zhongda Group","China ğŸ‡¨ğŸ‡³"
"1264","Midea Real Estate Holding","China ğŸ‡¨ğŸ‡³"
"1264","Sasol","South Africa ğŸ‡¿ğŸ‡¦"
"1266","Cosmo Energy Holdings","Japan ğŸ‡¯ğŸ‡µ"
"1267","Citrix Systems","United States ğŸ‡ºğŸ‡¸"
"1267","Copart","United States ğŸ‡ºğŸ‡¸"
"1269","Cerner","United States ğŸ‡ºğŸ‡¸"
"1270","Wm Morrison Supermarkets","United Kingdom ğŸ‡¬ğŸ‡§"
"1271","Umicore","Belgium ğŸ‡§ğŸ‡ª"
"1272","Brenntag","Germany ğŸ‡©ğŸ‡ª"
"1273","Metro Group","Germany ğŸ‡©ğŸ‡ª"
"1274","Check Point Software","Israel ğŸ‡®ğŸ‡±"
"1275","Banca Mediolanum","Italy ğŸ‡®ğŸ‡¹"
"1275","Kintetsu","Japan ğŸ‡¯ğŸ‡µ"
"1277","Hyundai Steel","South Korea ğŸ‡°ğŸ‡·"
"1278","Bank of Jinzhou","China ğŸ‡¨ğŸ‡³"
"1279","Popular","Puerto Rico"
"1280","Yonghui Superstores","China ğŸ‡¨ğŸ‡³"
"1281","China Galaxy Securities","China ğŸ‡¨ğŸ‡³"
"1282","Shenzhou International Group Holdings","Hong Kong ğŸ‡­ğŸ‡°"
"1283","Fidelity National Financial","United States ğŸ‡ºğŸ‡¸"
"1283","NetApp","United States ğŸ‡ºğŸ‡¸"
"1285","Hyundai Marine & Fire","South Korea ğŸ‡°ğŸ‡·"
"1286","Emera","Canada ğŸ‡¨ğŸ‡¦"
"1287","3i Group","United Kingdom ğŸ‡¬ğŸ‡§"
"1288","Lotte Shopping","South Korea ğŸ‡°ğŸ‡·"
"1289","Melrose Industries","United Kingdom ğŸ‡¬ğŸ‡§"
"1290","Bank of Chongqing","China ğŸ‡¨ğŸ‡³"
"1291","Mahindra & Mahindra","India ğŸ‡®ğŸ‡³"
"1292","TCL","China ğŸ‡¨ğŸ‡³"
"1293","Korea Investment Holdings","South Korea ğŸ‡°ğŸ‡·"
"1294","BCI-Banco Credito","Chile ğŸ‡¨ğŸ‡±"
"1295","RHB Bank","Malaysia ğŸ‡²ğŸ‡¾"
"1296","ALFA","Mexico ğŸ‡²ğŸ‡½"
"1296","Unicharm","Japan ğŸ‡¯ğŸ‡µ"
"1298","Maxim Integrated Products","United States ğŸ‡ºğŸ‡¸"
"1299","Shinsei Bank","Japan ğŸ‡¯ğŸ‡µ"
"1300","Signature Bank","United States ğŸ‡ºğŸ‡¸"
"1301","Penske Automotive","United States ğŸ‡ºğŸ‡¸"
"1302","Concordia Financial Group","Japan ğŸ‡¯ğŸ‡µ"
"1302","Hyundai Heavy Industries Holdings","South Korea ğŸ‡°ğŸ‡·"
"1304","MSCI","United States ğŸ‡ºğŸ‡¸"
"1305","Chiba Bank","Japan ğŸ‡¯ğŸ‡µ"
"1306","Jiangsu Zhangjiagang Rural Commercial Bank","China ğŸ‡¨ğŸ‡³"
"1307","Verbund","Austria ğŸ‡¦ğŸ‡¹"
"1308","Keysight Technologies","United States ğŸ‡ºğŸ‡¸"
"1309","Ventas","United States ğŸ‡ºğŸ‡¸"
"1310","Samsung SDS","South Korea ğŸ‡°ğŸ‡·"
"1311","Harbin Bank","China ğŸ‡¨ğŸ‡³"
"1311","Hopson Development Holdings","Hong Kong ğŸ‡­ğŸ‡°"
"1311","Mirae Asset Daewoo","South Korea ğŸ‡°ğŸ‡·"
"1314","SYNNEX","United States ğŸ‡ºğŸ‡¸"
"1315","Westinghouse Air Brake Technologies","United States ğŸ‡ºğŸ‡¸"
"1316","Church & Dwight","United States ğŸ‡ºğŸ‡¸"
"1317","Luzhou Lao Jiao","China ğŸ‡¨ğŸ‡³"
"1318","Alliant Energy","United States ğŸ‡ºğŸ‡¸"
"1318","Tenet Healthcare","United States ğŸ‡ºğŸ‡¸"
"1320","Mizrahi Tefahot Bank","Israel ğŸ‡®ğŸ‡±"
"1320","Sunny Optical Technology Group","China ğŸ‡¨ğŸ‡³"
"1322","Schaeffler","Germany ğŸ‡©ğŸ‡ª"
"1323","China Shipbuilding Industry","China ğŸ‡¨ğŸ‡³"
"1323","Smith & Nephew","United Kingdom ğŸ‡¬ğŸ‡§"
"1323","Tingyi Holding","China ğŸ‡¨ğŸ‡³"
"1326","CJ Cheiljedang","South Korea ğŸ‡°ğŸ‡·"
"1327","Cemex","Mexico ğŸ‡²ğŸ‡½"
"1328","Woodside Petroleum","Australia ğŸ‡¦ğŸ‡º"
"1329","Spotify Technology","Luxembourg ğŸ‡±ğŸ‡º"
"1330","Bandai Namco Holdings","Japan ğŸ‡¯ğŸ‡µ"
"1331","Doosan","South Korea ğŸ‡°ğŸ‡·"
"1331","Qantas Airways","Australia ğŸ‡¦ğŸ‡º"
"1333","Quinenco","Chile ğŸ‡¨ğŸ‡±"
"1334","Times Property Holdings","China ğŸ‡¨ğŸ‡³"
"1335","East West Bancorp","United States ğŸ‡ºğŸ‡¸"
"1335","Starwood Property Trust","United States ğŸ‡ºğŸ‡¸"
"1337","Ooredoo Q.P.S.C","Qatar ğŸ‡¶ğŸ‡¦"
"1338","People's United Financial","United States ğŸ‡ºğŸ‡¸"
"1339","RenaissanceRe Holdings","Bermuda ğŸ‡§ğŸ‡²"
"1340","Dentsu","Japan ğŸ‡¯ğŸ‡µ"
"1341","Banco Btg Pactual","Brazil ğŸ‡§ğŸ‡·"
"1341","Bombardier","Canada ğŸ‡¨ğŸ‡¦"
"1343","Celanese","United States ğŸ‡ºğŸ‡¸"
"1344","Yunnan Baiyao Group","China ğŸ‡¨ğŸ‡³"
"1345","Zhongyuan Bank","China ğŸ‡¨ğŸ‡³"
"1346","AGL Energy","Australia ğŸ‡¦ğŸ‡º"
"1347","Jacobs Engineering","United States ğŸ‡ºğŸ‡¸"
"1348","Cathay Pacific Airways","Hong Kong ğŸ‡­ğŸ‡°"
"1349","Bank of India","India ğŸ‡®ğŸ‡³"
"1349","Hunan Valin Steel","China ğŸ‡¨ğŸ‡³"
"1351","Bausch Health Companies","Canada ğŸ‡¨ğŸ‡¦"
"1351","Keppel","Singapore ğŸ‡¸ğŸ‡¬"
"1353","Greentown China Holdings","China ğŸ‡¨ğŸ‡³"
"1354","Cincinnati Financial","United States ğŸ‡ºğŸ‡¸"
"1355","IndusInd Bank","India ğŸ‡®ğŸ‡³"
"1356","BorgWarner","United States ğŸ‡ºğŸ‡¸"
"1356","Host Hotels & Resorts","United States ğŸ‡ºğŸ‡¸"
"1358","Canadian Tire","Canada ğŸ‡¨ğŸ‡¦"
"1359","Geberit","Switzerland ğŸ‡¨ğŸ‡­"
"1360","Bank Pekao","Poland ğŸ‡µğŸ‡±"
"1360","YPF","Argentina"
"1362","Weyerhaeuser","United States ğŸ‡ºğŸ‡¸"
"1363","Covivio","France ğŸ‡«ğŸ‡·"
"1364","Old Dominion Freight Line","United States ğŸ‡ºğŸ‡¸"
"1364","Wuestenrot & Wuerttembergische","Germany ğŸ‡©ğŸ‡ª"
"1366","Kobe Steel","Japan ğŸ‡¯ğŸ‡µ"
"1367","SG Holdings","Japan ğŸ‡¯ğŸ‡µ"
"1368","Ronshine China Holdings","China ğŸ‡¨ğŸ‡³"
"1369","Migdal Insurance","Israel ğŸ‡®ğŸ‡±"
"1369","Packaging Corp of America","United States ğŸ‡ºğŸ‡¸"
"1371","B3","Brazil ğŸ‡§ğŸ‡·"
"1372","Match Group","United States ğŸ‡ºğŸ‡¸"
"1372","Smurfit Kappa Group","Ireland ğŸ‡®ğŸ‡ª"
"1374","Red ElÃ©ctrica","Spain ğŸ‡ªğŸ‡¸"
"1374","VEON","Netherlands ğŸ‡³ğŸ‡±"
"1376","Coca-Cola HBC","Switzerland ğŸ‡¨ğŸ‡­"
"1376","Fastighets Balder","Sweden ğŸ‡¸ğŸ‡ª"
"1378","Bank of Zhengzhou","China ğŸ‡¨ğŸ‡³"
"1379","SLM","United States ğŸ‡ºğŸ‡¸"
"1380","Mebuki Financial Group","Japan ğŸ‡¯ğŸ‡µ"
"1380","Tech Data","United States ğŸ‡ºğŸ‡¸"
"1382","China Feihe","China ğŸ‡¨ğŸ‡³"
"1383","Aramark","United States ğŸ‡ºğŸ‡¸"
"1383","Meritz Financial Group","South Korea ğŸ‡°ğŸ‡·"
"1383","Suzano Papel e Celulose","Brazil ğŸ‡§ğŸ‡·"
"1386","Israel Discount Bank","Israel ğŸ‡®ğŸ‡±"
"1387","ResMed","United States ğŸ‡ºğŸ‡¸"
"1388","China Grand Automotive Services","China ğŸ‡¨ğŸ‡³"
"1388","JG Summit Holdings","Philippines ğŸ‡µğŸ‡­"
"1390","Henry Schein","United States ğŸ‡ºğŸ‡¸"
"1391","Arkema","France ğŸ‡«ğŸ‡·"
"1392","Advance Auto Parts","United States ğŸ‡ºğŸ‡¸"
"1392","Norwegian Cruise Line Holdings","United States ğŸ‡ºğŸ‡¸"
"1394","Bank of Guizhou","China ğŸ‡¨ğŸ‡³"
"1394","Burlington Stores","United States ğŸ‡ºğŸ‡¸"
"1396","Great Wall Motor","China ğŸ‡¨ğŸ‡³"
"1397","Vulcan Materials","United States ğŸ‡ºğŸ‡¸"
"1398","Alaska Air Group","United States ğŸ‡ºğŸ‡¸"
"1399","Chow Tai Fook Jewellery","Hong Kong ğŸ‡­ğŸ‡°"
"1400","Hang Lung Group","Hong Kong ğŸ‡­ğŸ‡°"
"1400","Iida Group Holdings","Japan ğŸ‡¯ğŸ‡µ"
"1402","Meritz Securities","South Korea ğŸ‡°ğŸ‡·"
"1402","XPO Logistics","United States ğŸ‡ºğŸ‡¸"
"1404","Chang Hwa Bank","Taiwan ğŸ‡¹ğŸ‡¼"
"1405","Cencosud","Chile ğŸ‡¨ğŸ‡±"
"1405","Nomura Research Institute","Japan ğŸ‡¯ğŸ‡µ"
"1407","Huntington Ingalls Industries","United States ğŸ‡ºğŸ‡¸"
"1408","ICA Gruppen","Sweden ğŸ‡¸ğŸ‡ª"
"1408","Zain","Kuwait ğŸ‡°ğŸ‡¼"
"1410","Cenovus Energy","Canada ğŸ‡¨ğŸ‡¦"
"1410","Synopsys","United States ğŸ‡ºğŸ‡¸"
"1412","Sistema","Russia ğŸ‡·ğŸ‡º"
"1413","Medipal Holdings","Japan ğŸ‡¯ğŸ‡µ"
"1414","Alstom","France ğŸ‡«ğŸ‡·"
"1414","Banque Cantonale Vaudoise","Switzerland ğŸ‡¨ğŸ‡­"
"1416","Avery Dennison","United States ğŸ‡ºğŸ‡¸"
"1416","China National Chemical","China ğŸ‡¨ğŸ‡³"
"1418","Hyundai Engineering","South Korea ğŸ‡°ğŸ‡·"
"1419","BNK Financial Group","South Korea ğŸ‡°ğŸ‡·"
"1420","Covestro","Germany ğŸ‡©ğŸ‡ª"
"1420","RSA Insurance Group","United Kingdom ğŸ‡¬ğŸ‡§"
"1422","Bunzl","United Kingdom ğŸ‡¬ğŸ‡§"
"1423","China Resources Cement Holdings","Hong Kong ğŸ‡­ğŸ‡°"
"1423","Shanghai International Airport","China ğŸ‡¨ğŸ‡³"
"1425","Mettler-Toledo International","United States ğŸ‡ºğŸ‡¸"
"1426","SS&C Technologies","United States ğŸ‡ºğŸ‡¸"
"1427","Taishin Financial Holdings","Taiwan ğŸ‡¹ğŸ‡¼"
"1428","Beijing Capital Development","China ğŸ‡¨ğŸ‡³"
"1429","Lixil Group","Japan ğŸ‡¯ğŸ‡µ"
"1430","AGNC Investment","United States ğŸ‡ºğŸ‡¸"
"1431","Far East Horizon","Hong Kong ğŸ‡­ğŸ‡°"
"1432","LEG Immobilien AG","Germany ğŸ‡©ğŸ‡ª"
"1433","Nippon Paint","Japan ğŸ‡¯ğŸ‡µ"
"1434","New Residential Investment","United States ğŸ‡ºğŸ‡¸"
"1435","Grupo Bimbo","Mexico ğŸ‡²ğŸ‡½"
"1436","Sino-Ocean Group Holding","China ğŸ‡¨ğŸ‡³"
"1437","Sumitomo Metal Mining","Japan ğŸ‡¯ğŸ‡µ"
"1438","Lindt & Sprungli","Switzerland ğŸ‡¨ğŸ‡­"
"1439","Bawag Group","Austria ğŸ‡¦ğŸ‡¹"
"1439","SCA","Sweden ğŸ‡¸ğŸ‡ª"
"1441","Verisk Analytics","United States ğŸ‡ºğŸ‡¸"
"1442","Masco","United States ğŸ‡ºğŸ‡¸"
"1443","Husky Energy","Canada ğŸ‡¨ğŸ‡¦"
"1444","Alexandria Real Estate Equities","United States ğŸ‡ºğŸ‡¸"
"1445","BPER Banca","Italy ğŸ‡®ğŸ‡¹"
"1446","S-Oil","South Korea ğŸ‡°ğŸ‡·"
"1447","Guangdong Investment","Hong Kong ğŸ‡­ğŸ‡°"
"1448","Commercial Bank For Investment & Development Of Vietnam","Vietnam ğŸ‡»ğŸ‡³"
"1449","Arrow Electronics","United States ğŸ‡ºğŸ‡¸"
"1449","AutoNation","United States ğŸ‡ºğŸ‡¸"
"1451","Caesars Entertainment","United States ğŸ‡ºğŸ‡¸"
"1451","NiSource","United States ğŸ‡ºğŸ‡¸"
"1453","Metropolitan Bank & Trust","Philippines ğŸ‡µğŸ‡­"
"1454","Bank of East Asia","Hong Kong ğŸ‡­ğŸ‡°"
"1454","Western Union","United States ğŸ‡ºğŸ‡¸"
"1456","Atmos Energy","United States ğŸ‡ºğŸ‡¸"
"1456","Commercial International Bank","Egypt ğŸ‡ªğŸ‡¬"
"1456","Persimmon","United Kingdom ğŸ‡¬ğŸ‡§"
"1459","Norsk Hydro","Norway ğŸ‡³ğŸ‡´"
"1460","GCI Liberty","United States ğŸ‡ºğŸ‡¸"
"1461","KION Group","Germany ğŸ‡©ğŸ‡ª"
"1461","STRABAG","Austria ğŸ‡¦ğŸ‡¹"
"1463","China Molybdenum","China ğŸ‡¨ğŸ‡³"
"1464","Sofina","Belgium ğŸ‡§ğŸ‡ª"
"1465","Halyk Bank","Kazakhstan ğŸ‡°ğŸ‡¿"
"1466","Arab Bank","Jordan ğŸ‡¯ğŸ‡´"
"1467","Barratt Developments","United Kingdom ğŸ‡¬ğŸ‡§"
"1467","Zhejiang Zheneng Electric Power","China ğŸ‡¨ğŸ‡³"
"1469","Hong Leong Financial","Malaysia ğŸ‡²ğŸ‡¾"
"1470","Colruyt","Belgium ğŸ‡§ğŸ‡ª"
"1471","Shizuoka Bank","Japan ğŸ‡¯ğŸ‡µ"
"1472","Abu Dhabi Islamic Bank","United Arab Emirates ğŸ‡¦ğŸ‡ª"
"1473","Arca Continental","Mexico ğŸ‡²ğŸ‡½"
"1474","Cattolica Assicurazioni","Italy ğŸ‡®ğŸ‡¹"
"1474","Yuexiu Property","Hong Kong ğŸ‡­ğŸ‡°"
"1476","SKF Group","Sweden ğŸ‡¸ğŸ‡ª"
"1477","iHeartMedia","United States ğŸ‡ºğŸ‡¸"
"1477","Navient","United States ğŸ‡ºğŸ‡¸"
"1479","Teleflex","United States ğŸ‡ºğŸ‡¸"
"1480","Korea Shipbuilding & Offshore Engineering","South Korea ğŸ‡°ğŸ‡·"
"1481","Weatherford International","United States ğŸ‡ºğŸ‡¸"
"1482","Ansys","United States ğŸ‡ºğŸ‡¸"
"1483","Sun Pharma Industries","India ğŸ‡®ğŸ‡³"
"1484","China International Marine","China ğŸ‡¨ğŸ‡³"
"1485","IDEXX Laboratories","United States ğŸ‡ºğŸ‡¸"
"1485","NARI Technology Development","China ğŸ‡¨ğŸ‡³"
"1487","Empire","Canada ğŸ‡¨ğŸ‡¦"
"1488","China Communications Services","China ğŸ‡¨ğŸ‡³"
"1489","Onex","Canada ğŸ‡¨ğŸ‡¦"
"1490","Nordstrom","United States ğŸ‡ºğŸ‡¸"
"1490","Synovus Financial","United States ğŸ‡ºğŸ‡¸"
"1492","Kerry Properties","Hong Kong ğŸ‡­ğŸ‡°"
"1493","Pinnacle West","United States ğŸ‡ºğŸ‡¸"
"1493","UBI Banca","Italy ğŸ‡®ğŸ‡¹"
"1495","Hainan Airlines","China ğŸ‡¨ğŸ‡³"
"1496","Nippon Yusen","Japan ğŸ‡¯ğŸ‡µ"
"1497","Tiffany & Co.","United States ğŸ‡ºğŸ‡¸"
"1498","Hologic","United States ğŸ‡ºğŸ‡¸"
"1499","AECOM Technology","United States ğŸ‡ºğŸ‡¸"
"1500","China Conch Venture Holdings","China ğŸ‡¨ğŸ‡³"
"1500","Mashreq Bank","United Arab Emirates ğŸ‡¦ğŸ‡ª"
"1502","Bank Audi","Lebanon ğŸ‡±ğŸ‡§"
"1503","E-mart","South Korea ğŸ‡°ğŸ‡·"
"1503","Teleperformance","France ğŸ‡«ğŸ‡·"
"1505","Ajinomoto","Japan ğŸ‡¯ğŸ‡µ"
"1505","International Flavors & Fragrances","United States ğŸ‡ºğŸ‡¸"
"1507","Xerox","United States ğŸ‡ºğŸ‡¸"
"1508","Electric Power Development","Japan ğŸ‡¯ğŸ‡µ"
"1508","Saudi Arabian Mining","Saudi Arabia ğŸ‡¸ğŸ‡¦"
"1510","Kawasaki Heavy Industries","Japan ğŸ‡¯ğŸ‡µ"
"1511","Union Bank of India","India ğŸ‡®ğŸ‡³"
"1512","Newcrest Mining","Australia ğŸ‡¦ğŸ‡º"
"1513","China Merchants Port Holdings","Hong Kong ğŸ‡­ğŸ‡°"
"1513","Reliance Steel","United States ğŸ‡ºğŸ‡¸"
"1515","Incyte","United States ğŸ‡ºğŸ‡¸"
"1516","Gudang Garam","Indonesia ğŸ‡®ğŸ‡©"
"1517","Ceconomy","Germany ğŸ‡©ğŸ‡ª"
"1517","China International Travel Service","China ğŸ‡¨ğŸ‡³"
"1517","Shopify","Canada ğŸ‡¨ğŸ‡¦"
"1520","Chipotle Mexican Grill","United States ğŸ‡ºğŸ‡¸"
"1521","OneMain Holdings","United States ğŸ‡ºğŸ‡¸"
"1522","AIB Group","Ireland ğŸ‡®ğŸ‡ª"
"1522","Live Nation Entertainment","United States ğŸ‡ºğŸ‡¸"
"1524","DCC","Ireland ğŸ‡®ğŸ‡ª"
"1525","EMS-Chemie Holding","Switzerland ğŸ‡¨ğŸ‡­"
"1525","Shimano","Japan ğŸ‡¯ğŸ‡µ"
"1525","Steel Dynamics","United States ğŸ‡ºğŸ‡¸"
"1525","Technipfmc","United Kingdom ğŸ‡¬ğŸ‡§"
"1529","Xiamen International Trade Group","China ğŸ‡¨ğŸ‡³"
"1530","Ternium","Luxembourg ğŸ‡±ğŸ‡º"
"1531","Bajaj Auto","India ğŸ‡®ğŸ‡³"
"1531","US Foods","United States ğŸ‡ºğŸ‡¸"
"1533","Dai Nippon Printing","Japan ğŸ‡¯ğŸ‡µ"
"1534","Vingroup","Vietnam ğŸ‡»ğŸ‡³"
"1535","Epiroc","Sweden ğŸ‡¸ğŸ‡ª"
"1536","Magnitogorsk Iron & Steel","Russia ğŸ‡·ğŸ‡º"
"1537","Magnit","Russia ğŸ‡·ğŸ‡º"
"1538","Santos","Australia ğŸ‡¦ğŸ‡º"
"1539","Booz Allen Hamilton Holding","United States ğŸ‡ºğŸ‡¸"
"1539","Flex","Singapore ğŸ‡¸ğŸ‡¬"
"1541","Sekisui Chemical","Japan ğŸ‡¯ğŸ‡µ"
"1542","Akamai Technologies","United States ğŸ‡ºğŸ‡¸"
"1542","CPFL Energia","Brazil ğŸ‡§ğŸ‡·"
"1544","Manpower","United States ğŸ‡ºğŸ‡¸"
"1545","Kansas City Southern","United States ğŸ‡ºğŸ‡¸"
"1546","Enstar Group","Bermuda ğŸ‡§ğŸ‡²"
"1547","Petronas Chemicals","Malaysia ğŸ‡²ğŸ‡¾"
"1547","Square","United States ğŸ‡ºğŸ‡¸"
"1549","Wayfair","United States ğŸ‡ºğŸ‡¸"
"1550","Martin Marietta Materials","United States ğŸ‡ºğŸ‡¸"
"1551","American National Insurance","United States ğŸ‡ºğŸ‡¸"
"1552","Essex Property Trust","United States ğŸ‡ºğŸ‡¸"
"1552","Sonova Holding","Switzerland ğŸ‡¨ğŸ‡­"
"1554","Grupo Inbursa","Mexico ğŸ‡²ğŸ‡½"
"1554","Korean Air","South Korea ğŸ‡°ğŸ‡·"
"1556","Mitsubishi Materials","Japan ğŸ‡¯ğŸ‡µ"
"1557","Antofagasta","United Kingdom ğŸ‡¬ğŸ‡§"
"1558","Compal Electronics","Taiwan ğŸ‡¹ğŸ‡¼"
"1559","Blom Bank","Lebanon ğŸ‡±ğŸ‡§"
"1560","Safaricom","Kenya ğŸ‡°ğŸ‡ª"
"1561","Johnson Matthey","United Kingdom ğŸ‡¬ğŸ‡§"
"1562","Fgl Holdings","Cayman Islands ğŸ‡°ğŸ‡¾"
"1563","KT&G","South Korea ğŸ‡°ğŸ‡·"
"1564","Next","United Kingdom ğŸ‡¬ğŸ‡§"
"1565","BOK Financial","United States ğŸ‡ºğŸ‡¸"
"1566","Voestalpine","Austria ğŸ‡¦ğŸ‡¹"
"1567","Sichuan Language Development","China ğŸ‡¨ğŸ‡³"
"1568","Wendel","France ğŸ‡«ğŸ‡·"
"1569","Banca MPS","Italy ğŸ‡®ğŸ‡¹"
"1569","SinoPac Financial","Taiwan ğŸ‡¹ğŸ‡¼"
"1571","Jabil Circuit","United States ğŸ‡ºğŸ‡¸"
"1572","AVIC Capita","China ğŸ‡¨ğŸ‡³"
"1573","PTT Global Chemical","Thailand ğŸ‡¹ğŸ‡­"
"1574","Xiamen Xiangyu","China ğŸ‡¨ğŸ‡³"
"1575","Commercial Bank of Qatar","Qatar ğŸ‡¶ğŸ‡¦"
"1576","Barry Callebaut","Switzerland ğŸ‡¨ğŸ‡­"
"1576","IAC/InterActiveCorp","United States ğŸ‡ºğŸ‡¸"
"1578","NH Investment & Securities","South Korea ğŸ‡°ğŸ‡·"
"1579","Industries Qatar","Qatar ğŸ‡¶ğŸ‡¦"
"1580","Jyske Bank","Denmark ğŸ‡©ğŸ‡°"
"1580","Mercuries & Associates","Taiwan ğŸ‡¹ğŸ‡¼"
"1582","Alfresa Holdings","Japan ğŸ‡¯ğŸ‡µ"
"1583","Hertz Global Holdings","United States ğŸ‡ºğŸ‡¸"
"1584","Hokuhoku Financial Group","Japan ğŸ‡¯ğŸ‡µ"
"1584","Hyundai Glovis","South Korea ğŸ‡°ğŸ‡·"
"1584","Ramsay Health Care","Australia ğŸ‡¦ğŸ‡º"
"1587","Autodesk","United States ğŸ‡ºğŸ‡¸"
"1588","INTL FCStone","United States ğŸ‡ºğŸ‡¸"
"1589","ONO Pharmaceutical","Japan ğŸ‡¯ğŸ‡µ"
"1590","President Chain Store","Taiwan ğŸ‡¹ğŸ‡¼"
"1591","Lendlease Group","Australia ğŸ‡¦ğŸ‡º"
"1592","Wirecard","Germany ğŸ‡©ğŸ‡ª"
"1593","CSPC Pharmaceutical Group","Hong Kong ğŸ‡­ğŸ‡°"
"1593","World Fuel Services","United States ğŸ‡ºğŸ‡¸"
"1595","Vietin Bank","Vietnam ğŸ‡»ğŸ‡³"
"1596","Asian Paints","India ğŸ‡®ğŸ‡³"
"1597","Goodyear","United States ğŸ‡ºğŸ‡¸"
"1598","Mitsui Chemicals","Japan ğŸ‡¯ğŸ‡µ"
"1599","Atlassian","United Kingdom ğŸ‡¬ğŸ‡§"
"1599","RTL Group","Luxembourg ğŸ‡±ğŸ‡º"
"1601","Qurate Retail Group","United States ğŸ‡ºğŸ‡¸"
"1601","Zoom Video Communications","United States ğŸ‡ºğŸ‡¸"
"1603","Yamato Holdings","Japan ğŸ‡¯ğŸ‡µ"
"1604","Novozymes","Denmark ğŸ‡©ğŸ‡°"
"1605","Dexus","Australia ğŸ‡¦ğŸ‡º"
"1606","Virgin Money UK","United Kingdom ğŸ‡¬ğŸ‡§"
"1607","Cooper Companies","United States ğŸ‡ºğŸ‡¸"
"1608","Gap","United States ğŸ‡ºğŸ‡¸"
"1609","New York Community Bancorp","United States ğŸ‡ºğŸ‡¸"
"1610","Canadian Utilities","Canada ğŸ‡¨ğŸ‡¦"
"1611","Nippon Express","Japan ğŸ‡¯ğŸ‡µ"
"1612","Workday","United States ğŸ‡ºğŸ‡¸"
"1613","Otsuka","Japan ğŸ‡¯ğŸ‡µ"
"1614","Koito Manufacturing","Japan ğŸ‡¯ğŸ‡µ"
"1615","Taiwan Cement","Taiwan ğŸ‡¹ğŸ‡¼"
"1616","Teck Resources","Canada ğŸ‡¨ğŸ‡¦"
"1617","Hansoh Pharmaceutical Group","China ğŸ‡¨ğŸ‡³"
"1618","Almarai","Saudi Arabia ğŸ‡¸ğŸ‡¦"
"1619","Agnico Eagle Mines","Canada ğŸ‡¨ğŸ‡¦"
"1620","Showa Denko","Japan ğŸ‡¯ğŸ‡µ"
"1621","Cellnex Telecom","Spain ğŸ‡ªğŸ‡¸"
"1621","Qingdao Rural Commercial Bank","China ğŸ‡¨ğŸ‡³"
"1623","Braskem","Brazil ğŸ‡§ğŸ‡·"
"1623","Continental Resources","United States ğŸ‡ºğŸ‡¸"
"1625","Avis Budget Group","United States ğŸ‡ºğŸ‡¸"
"1626","Kyushu Financial Group","Japan ğŸ‡¯ğŸ‡µ"
"1627","Nishi-nippon Financial Holdings","Japan ğŸ‡¯ğŸ‡µ"
"1628","Hachijuni Bank","Japan ğŸ‡¯ğŸ‡µ"
"1629","Zoomlion Heavy Industry","China ğŸ‡¨ğŸ‡³"
"1630","SBA Communications","United States ğŸ‡ºğŸ‡¸"
"1631","Hulic","Japan ğŸ‡¯ğŸ‡µ"
"1631","Waters","United States ğŸ‡ºğŸ‡¸"
"1633","Yamaguchi Financial","Japan ğŸ‡¯ğŸ‡µ"
"1634","Wistron","Taiwan ğŸ‡¹ğŸ‡¼"
"1635","Hengyi Petrochemical","China ğŸ‡¨ğŸ‡³"
"1635","Latam Airlines","Chile ğŸ‡¨ğŸ‡±"
"1637","Kesko","Finland ğŸ‡«ğŸ‡®"
"1638","Hengan International Group","China ğŸ‡¨ğŸ‡³"
"1639","Wingtech Technology","China ğŸ‡¨ğŸ‡³"
"1640","Franco-Nevada","Canada ğŸ‡¨ğŸ‡¦"
"1641","North Pacific Bank","Japan ğŸ‡¯ğŸ‡µ"
"1642","Banco Comercial Portugues","Portugal ğŸ‡µğŸ‡¹"
"1642","Kingfisher","United Kingdom ğŸ‡¬ğŸ‡§"
"1644","Banco Davivienda","Colombia ğŸ‡¨ğŸ‡´"
"1645","DexCom","United States ğŸ‡ºğŸ‡¸"
"1645","Japan Securities","Japan ğŸ‡¯ğŸ‡µ"
"1647","Acciona","Spain ğŸ‡ªğŸ‡¸"
"1648","China Longyuan Power","China ğŸ‡¨ğŸ‡³"
"1649","Pinduoduo","China ğŸ‡¨ğŸ‡³"
"1650","Adyen","Netherlands ğŸ‡³ğŸ‡±"
"1651","Bank of Kyoto","Japan ğŸ‡¯ğŸ‡µ"
"1652","Mitsui OSK Lines","Japan ğŸ‡¯ğŸ‡µ"
"1653","Hiroshima Bank","Japan ğŸ‡¯ğŸ‡µ"
"1654","WEG","Brazil ğŸ‡§ğŸ‡·"
"1655","Rajesh Exports","India ğŸ‡®ğŸ‡³"
"1656","Sino Biopharmaceutical","Hong Kong ğŸ‡­ğŸ‡°"
"1657","Lundin Energy","Sweden ğŸ‡¸ğŸ‡ª"
"1658","MercadoLibre","Argentina"
"1659","Taylor Wimpey","United Kingdom ğŸ‡¬ğŸ‡§"
"1660","Renesas Electronics","Japan ğŸ‡¯ğŸ‡µ"
"1661","Hotai Motor","Taiwan ğŸ‡¹ğŸ‡¼"
"1662","Daishi Hokuetsu Financial Group","Japan ğŸ‡¯ğŸ‡µ"
"1663","Kinross Gold","Canada ğŸ‡¨ğŸ‡¦"
"1663","Unisplendour","China ğŸ‡¨ğŸ‡³"
"1665","Veeva Systems","United States ğŸ‡ºğŸ‡¸"
"1666","Tahoe Group","China ğŸ‡¨ğŸ‡³"
"1667","PGE Polska Grupa Energetyczna","Poland ğŸ‡µğŸ‡±"
"1668","Steinhoff International","Netherlands ğŸ‡³ğŸ‡±"
"1669","Beijing Shougang","China ğŸ‡¨ğŸ‡³"
"1669","Teradyne","United States ğŸ‡ºğŸ‡¸"
"1671","United Natural Foods,","United States ğŸ‡ºğŸ‡¸"
"1672","PBF Energy","United States ğŸ‡ºğŸ‡¸"
"1672","Zalando","Germany ğŸ‡©ğŸ‡ª"
"1674","Chugoku Bank","Japan ğŸ‡¯ğŸ‡µ"
"1674","LG Uplus","South Korea ğŸ‡°ğŸ‡·"
"1674","Royal Mail","United Kingdom ğŸ‡¬ğŸ‡§"
"1677","77 Bank","Japan ğŸ‡¯ğŸ‡µ"
"1677","Shandong Gold Mining","China ğŸ‡¨ğŸ‡³"
"1679","Powerlong Real Estate","China ğŸ‡¨ğŸ‡³"
"1680","Cemig","Brazil ğŸ‡§ğŸ‡·"
"1681","Gunma Bank","Japan ğŸ‡¯ğŸ‡µ"
"1681","Invitation Homes","United States ğŸ‡ºğŸ‡¸"
"1683","Berry Global Group","United States ğŸ‡ºğŸ‡¸"
"1684","China Development Bank Financial Leasing","China ğŸ‡¨ğŸ‡³"
"1685","Genting","Malaysia ğŸ‡²ğŸ‡¾"
"1685","Nippon Steel Trading","Japan ğŸ‡¯ğŸ‡µ"
"1687","FMC","United States ğŸ‡ºğŸ‡¸"
"1688","Interactive Brokers Group","United States ğŸ‡ºğŸ‡¸"
"1688","Tenneco","United States ğŸ‡ºğŸ‡¸"
"1688","Tokyu Fudosan","Japan ğŸ‡¯ğŸ‡µ"
"1691","Haidilao International Holding","China ğŸ‡¨ğŸ‡³"
"1692","Performance Food Group","United States ğŸ‡ºğŸ‡¸"
"1693","Domino's Pizza","United States ğŸ‡ºğŸ‡¸"
"1694","Ultrapar Participacoes","Brazil ğŸ‡§ğŸ‡·"
"1695","Hubei Biocause Pharmaceutical","China ğŸ‡¨ğŸ‡³"
"1696","Snap","United States ğŸ‡ºğŸ‡¸"
"1697","Eurobank Ergasias","Greece ğŸ‡¬ğŸ‡·"
"1698","Companhia Brasileira de Distribuicao","Brazil ğŸ‡§ğŸ‡·"
"1698","Fibra Uno","Mexico ğŸ‡²ğŸ‡½"
"1698","First Citizens Bank","United States ğŸ‡ºğŸ‡¸"
"1698","Pgnig Group","Poland ğŸ‡µğŸ‡±"
"1702","National Bank of Greece","Greece ğŸ‡¬ğŸ‡·"
"1703","Zebra Technologies","United States ğŸ‡ºğŸ‡¸"
"1704","Tsim Sha Tsui Properties","Hong Kong ğŸ‡­ğŸ‡°"
"1704","Vodafone Idea","India ğŸ‡®ğŸ‡³"
"1706","Alpha Bank","Greece ğŸ‡¬ğŸ‡·"
"1706","Community Health Systems","United States ğŸ‡ºğŸ‡¸"
"1706","Rite Aid","United States ğŸ‡ºğŸ‡¸"
"1706","Xylem","United States ğŸ‡ºğŸ‡¸"
"1710","IHI","Japan ğŸ‡¯ğŸ‡µ"
"1710","M3","Japan ğŸ‡¯ğŸ‡µ"
"1712","Bank Muscat","Oman"
"1713","Accor","France ğŸ‡«ğŸ‡·"
"1713","American Equity Investment","United States ğŸ‡ºğŸ‡¸"
"1715","Iyo Bank","Japan ğŸ‡¯ğŸ‡µ"
"1716","Lens Technology","China ğŸ‡¨ğŸ‡³"
"1717","TP ICAP","United Kingdom ğŸ‡¬ğŸ‡§"
"1718","Piraeus Bank","Greece ğŸ‡¬ğŸ‡·"
"1719","XCMG Construction Machinery","China ğŸ‡¨ğŸ‡³"
"1720","Air Lease","United States ğŸ‡ºğŸ‡¸"
"1721","Commerce Bank","United States ğŸ‡ºğŸ‡¸"
"1721","CoStar Group","United States ğŸ‡ºğŸ‡¸"
"1723","Grupo Bolivar","Colombia ğŸ‡¨ğŸ‡´"
"1724","Bank of Suzhou","China ğŸ‡¨ğŸ‡³"
"1725","Seattle Genetics","United States ğŸ‡ºğŸ‡¸"
"1725","Sinotruk Hong Kong","China ğŸ‡¨ğŸ‡³"
"1727","Harel Insurance Investments & Financial Services","Israel ğŸ‡®ğŸ‡±"
"1728","Avary Holding (Shenzhen)","China ğŸ‡¨ğŸ‡³"
"1729","Liberty Broadband","United States ğŸ‡ºğŸ‡¸"
"1730","Jiangxi Bank","China ğŸ‡¨ğŸ‡³"
"1730","Unibail-Rodamco","Netherlands ğŸ‡³ğŸ‡±"
"1732","CPI Property Group","Luxembourg ğŸ‡±ğŸ‡º"
"1733","Daelim Industrial","South Korea ğŸ‡°ğŸ‡·"
"1733","Moscow Exchange","Russia ğŸ‡·ğŸ‡º"
"1735","Minebea","Japan ğŸ‡¯ğŸ‡µ"
"1736","PVH","United States ğŸ‡ºğŸ‡¸"
"1737","News Corp","United States ğŸ‡ºğŸ‡¸"
"1738","Brambles","Australia ğŸ‡¦ğŸ‡º"
"1738","JetBlue Airways","United States ğŸ‡ºğŸ‡¸"
"1738","SDIC Capital","China ğŸ‡¨ğŸ‡³"
"1741","Haseko","Japan ğŸ‡¯ğŸ‡µ"
"1742","Deutsche Pfandbriefbank","Germany ğŸ‡©ğŸ‡ª"
"1742","Western Alliance Bancorp.","United States ğŸ‡ºğŸ‡¸"
"1744","Celltrion","South Korea ğŸ‡°ğŸ‡·"
"1744","Unicaja Banco","Spain ğŸ‡ªğŸ‡¸"
"1746","Wuxi Apptec","China ğŸ‡¨ğŸ‡³"
"1747","Aristocrat Leisure","Australia ğŸ‡¦ğŸ‡º"
"1748","Bank of Xi'an","China ğŸ‡¨ğŸ‡³"
"1748","China Aviation Oil","Singapore ğŸ‡¸ğŸ‡¬"
"1750","Alrosa","Russia ğŸ‡·ğŸ‡º"
"1750","SBI Holdings","Japan ğŸ‡¯ğŸ‡µ"
"1752","Suzuken","Japan ğŸ‡¯ğŸ‡µ"
"1753","Will Semiconductor","China ğŸ‡¨ğŸ‡³"
"1754","Adani Ports & Special Economic Zone","India ğŸ‡®ğŸ‡³"
"1755","Broadridge Financial","United States ğŸ‡ºğŸ‡¸"
"1755","Momentum Metropolitan Holdings","South Africa ğŸ‡¿ğŸ‡¦"
"1757","DGB Financial Group","South Korea ğŸ‡°ğŸ‡·"
"1758","Mercantil Servicios","Venezuela"
"1759","Offcn Education Technology","China ğŸ‡¨ğŸ‡³"
"1760","Bangkok Dusit Medical Services","Thailand ğŸ‡¹ğŸ‡­"
"1761","Huafa Industrial","China ğŸ‡¨ğŸ‡³"
"1762","Huaibei Mining Holdings","China ğŸ‡¨ğŸ‡³"
"1763","Aeroflot-Russian Airlines","Russia ğŸ‡·ğŸ‡º"
"1764","Inchcape","United Kingdom ğŸ‡¬ğŸ‡§"
"1765","Splunk","United States ğŸ‡ºğŸ‡¸"
"1766","El Puerto de Liverpool","Mexico ğŸ‡²ğŸ‡½"
"1766","Hyakugo Bank","Japan ğŸ‡¯ğŸ‡µ"
"1768","VICI Properties","United States ğŸ‡ºğŸ‡¸"
"1769","BayWa","Germany ğŸ‡©ğŸ‡ª"
"1769","Constellation Software","Canada ğŸ‡¨ğŸ‡¦"
"1769","Nitto Denko","Japan ğŸ‡¯ğŸ‡µ"
"1772","Ares Capital","United States ğŸ‡ºğŸ‡¸"
"1772","Juroku Bank","Japan ğŸ‡¯ğŸ‡µ"
"1774","Hakuhodo DY Holdings","Japan ğŸ‡¯ğŸ‡µ"
"1775","Tosoh","Japan ğŸ‡¯ğŸ‡µ"
"1776","CIT Group","United States ğŸ‡ºğŸ‡¸"
"1777","Bank of Qingdao","China ğŸ‡¨ğŸ‡³"
"1778","Bohai Leasing","China ğŸ‡¨ğŸ‡³"
"1779","Quanta Services","United States ğŸ‡ºğŸ‡¸"
"1779","Taiwan Business Bank","Taiwan ğŸ‡¹ğŸ‡¼"
"1781","Hikari Tsushin","Japan ğŸ‡¯ğŸ‡µ"
"1782","Mosaic","United States ğŸ‡ºğŸ‡¸"
"1782","Shiga Bank","Japan ğŸ‡¯ğŸ‡µ"
"1784","Targa Resources","United States ğŸ‡ºğŸ‡¸"
"1784","TMB Bank","Thailand ğŸ‡¹ğŸ‡­"
"1786","CNO Financial Group","United States ğŸ‡ºğŸ‡¸"
"1787","Avnet","United States ğŸ‡ºğŸ‡¸"
"1787","Wynn Resorts","United States ğŸ‡ºğŸ‡¸"
"1789","Steel Authority of India","India ğŸ‡®ğŸ‡³"
"1790","Axiata Group","Malaysia ğŸ‡²ğŸ‡¾"
"1790","First Pacific","Hong Kong ğŸ‡­ğŸ‡°"
"1792","Far Eastern New Century","Taiwan ğŸ‡¹ğŸ‡¼"
"1793","San-In Godo Bank","Japan ğŸ‡¯ğŸ‡µ"
"1794","Chongqing Zhifei Biological Products","China ğŸ‡¨ğŸ‡³"
"1794","Hanwa","Japan ğŸ‡¯ğŸ‡µ"
"1794","Red Star Macalline Group","China ğŸ‡¨ğŸ‡³"
"1794","Uniqa","Austria ğŸ‡¦ğŸ‡¹"
"1798","Aozora Bank","Japan ğŸ‡¯ğŸ‡µ"
"1798","Ogaki Kyoritsu Bank","Japan ğŸ‡¯ğŸ‡µ"
"1800","FinecoBank","Italy ğŸ‡®ğŸ‡¹"
"1801","Kirkland Lake Gold","Canada ğŸ‡¨ğŸ‡¦"
"1802","Rexel","France ğŸ‡«ğŸ‡·"
"1803","Banco BBVA Peru","Peru ğŸ‡µğŸ‡ª"
"1803","Swiss Prime Site","Switzerland ğŸ‡¨ğŸ‡­"
"1803","Toho Bank","Japan ğŸ‡¯ğŸ‡µ"
"1806","Avenue Supermarts","India ğŸ‡®ğŸ‡³"
"1807","AmBank Group","Malaysia ğŸ‡²ğŸ‡¾"
"1807","First Horizon National","United States ğŸ‡ºğŸ‡¸"
"1809","Want Want China","China ğŸ‡¨ğŸ‡³"
"1810","Nanto Bank","Japan ğŸ‡¯ğŸ‡µ"
"1810","Ralph Lauren","United States ğŸ‡ºğŸ‡¸"
"1810","Tenaris","Luxembourg ğŸ‡±ğŸ‡º"
"1813","Banque Centrale Populaire","Morocco ğŸ‡²ğŸ‡¦"
"1813","Credito Emiliano","Italy ğŸ‡®ğŸ‡¹"
"1815","Advantest","Japan ğŸ‡¯ğŸ‡µ"
"1815","UGI","United States ğŸ‡ºğŸ‡¸"
"1817","Angang Steel","China ğŸ‡¨ğŸ‡³"
"1818","RingCentral","United States ğŸ‡ºğŸ‡¸"
"1819","Bendigo & Adelaide Bank","Australia ğŸ‡¦ğŸ‡º"
"1819","Nine Dragons Paper Holdings","Hong Kong ğŸ‡­ğŸ‡°"
"1821","Wuxi Biologics","China ğŸ‡¨ğŸ‡³"
"1822","Mowi ASA","Norway ğŸ‡³ğŸ‡´"
"1822","Tech Mahindra","India ğŸ‡®ğŸ‡³"
"1822","WPG Holdings","Taiwan ğŸ‡¹ğŸ‡¼"
"1825","Bank of Jiujiang","China ğŸ‡¨ğŸ‡³"
"1825","Fluor","United States ğŸ‡ºğŸ‡¸"
"1827","Tokyo Kiraboshi Financial Group","Japan ğŸ‡¯ğŸ‡µ"
"1828","Orient","Japan ğŸ‡¯ğŸ‡µ"
"1829","Admiral Group","United Kingdom ğŸ‡¬ğŸ‡§"
"1830","Bureau Veritas","France ğŸ‡«ğŸ‡·"
"1830","Duke Realty","United States ğŸ‡ºğŸ‡¸"
"1832","Core-Mark Holding","United States ğŸ‡ºğŸ‡¸"
"1833","Huntsman","United States ğŸ‡ºğŸ‡¸"
"1833","Newell Brands","United States ğŸ‡ºğŸ‡¸"
"1833","Palo Alto Networks","United States ğŸ‡ºğŸ‡¸"
"1833","Prosperity Bancshares","United States ğŸ‡ºğŸ‡¸"
"1837","Vopak","Netherlands ğŸ‡³ğŸ‡±"
"1838","Senshu Ikeda Holdings","Japan ğŸ‡¯ğŸ‡µ"
"1839","Fortinet","United States ğŸ‡ºğŸ‡¸"
"1840","Aier Eye Hospital Group","China ğŸ‡¨ğŸ‡³"
"1840","Shanghai Fosun Pharmaceutical","China ğŸ‡¨ğŸ‡³"
"1842","Zenith Bank","Nigeria ğŸ‡³ğŸ‡¬"
"1843","Dali Foods Group","China ğŸ‡¨ğŸ‡³"
"1843","Polymetal International","Russia ğŸ‡·ğŸ‡º"
"1845","Sartorius","Germany ğŸ‡©ğŸ‡ª"
"1846","DocuSign","United States ğŸ‡ºğŸ‡¸"
"1847","Adient","Ireland ğŸ‡®ğŸ‡ª"
"1848","Inventec","Taiwan ğŸ‡¹ğŸ‡¼"
"1849","East Money Information","China ğŸ‡¨ğŸ‡³"
"1850","Asustek Computer","Taiwan ğŸ‡¹ğŸ‡¼"
"1851","China SCE Group Holdings","China ğŸ‡¨ğŸ‡³"
"1851","Poly Property Group Co.","Hong Kong ğŸ‡­ğŸ‡°"
"1853","Canadian Apartment Properties Real Estate Investment Trust","Canada ğŸ‡¨ğŸ‡¦"
"1854","Yes Bank","India ğŸ‡®ğŸ‡³"
"1855","Central Bank of India","India ğŸ‡®ğŸ‡³"
"1856","Okta","United States ğŸ‡ºğŸ‡¸"
"1857","Cronos Group","Canada ğŸ‡¨ğŸ‡¦"
"1858","First American Financial","United States ğŸ‡ºğŸ‡¸"
"1858","TCF Financial","United States ğŸ‡ºğŸ‡¸"
"1860","Murphy Oil","United States ğŸ‡ºğŸ‡¸"
"1861","Cullen/Frost Bankers","United States ğŸ‡ºğŸ‡¸"
"1861","Snap-on","United States ğŸ‡ºğŸ‡¸"
"1863","Spirit AeroSystems","United States ğŸ‡ºğŸ‡¸"
"1864","Bank Of Gansu","China ğŸ‡¨ğŸ‡³"
"1864","Guangdong Haid Group","China ğŸ‡¨ğŸ‡³"
"1864","Ningxia Baofeng Energy Group","China ğŸ‡¨ğŸ‡³"
"1867","Shaw Communications","Canada ğŸ‡¨ğŸ‡¦"
"1868","IDEX","United States ğŸ‡ºğŸ‡¸"
"1868","Teledyne Technologies","United States ğŸ‡ºğŸ‡¸"
"1870","Healthpeak Properties","United States ğŸ‡ºğŸ‡¸"
"1870","Shanghai Ganglian E-Commerce Holdings","China ğŸ‡¨ğŸ‡³"
"1872","SEB SA","France ğŸ‡«ğŸ‡·"
"1873","Caltex Australia","Australia ğŸ‡¦ğŸ‡º"
"1873","LT Group","Philippines ğŸ‡µğŸ‡­"
"1875","Extra Space Storage","United States ğŸ‡ºğŸ‡¸"
"1876","Chewy","United States ğŸ‡ºğŸ‡¸"
"1876","Stifel Financial","United States ğŸ‡ºğŸ‡¸"
"1876","United Utilities","United Kingdom ğŸ‡¬ğŸ‡§"
"1879","Frontier Communications","United States ğŸ‡ºğŸ‡¸"
"1880","Sysmex","Japan ğŸ‡¯ğŸ‡µ"
"1881","Orient Securities","China ğŸ‡¨ğŸ‡³"
"1882","Liberbank","Spain ğŸ‡ªğŸ‡¸"
"1883","TransUnion","United States ğŸ‡ºğŸ‡¸"
"1884","Alfa Laval","Sweden ğŸ‡¸ğŸ‡ª"
"1884","Westlake Chemical","United States ğŸ‡ºğŸ‡¸"
"1886","Clal Insurance Enterprises","Israel ğŸ‡®ğŸ‡±"
"1887","Hasbro","United States ğŸ‡ºğŸ‡¸"
"1888","E-L Financial","Canada ğŸ‡¨ğŸ‡¦"
"1888","Keiyo Bank","Japan ğŸ‡¯ğŸ‡µ"
"1890","Yamada Denki","Japan ğŸ‡¯ğŸ‡µ"
"1891","Pirelli","Italy ğŸ‡®ğŸ‡¹"
"1892","Basler Kantonalbank","Switzerland ğŸ‡¨ğŸ‡­"
"1893","Luzerner Kantonalbank","Switzerland ğŸ‡¨ğŸ‡­"
"1893","Trimble","United States ğŸ‡ºğŸ‡¸"
"1895","Banca Popolare di Sondrio","Italy ğŸ‡®ğŸ‡¹"
"1896","Aareal Bank","Germany ğŸ‡©ğŸ‡ª"
"1897","Hyakujushi Bank","Japan ğŸ‡¯ğŸ‡µ"
"1898","Beijing Kingsoft Office Software.","China ğŸ‡¨ğŸ‡³"
"1899","Foot Locker","United States ğŸ‡ºğŸ‡¸"
"1900","Marathon Oil","United States ğŸ‡ºğŸ‡¸"
"1901","Changchun High & New Technology","China ğŸ‡¨ğŸ‡³"
"1902","Wheaton Precious Metals","Canada ğŸ‡¨ğŸ‡¦"
"1903","Jointown Pharmaceutical Group","China ğŸ‡¨ğŸ‡³"
"1903","Marketaxess Holdings","United States ğŸ‡ºğŸ‡¸"
"1905","Medical Properties Trust","United States ğŸ‡ºğŸ‡¸"
"1905","Steris","Ireland ğŸ‡®ğŸ‡ª"
"1905","Yuzhou Properties","China ğŸ‡¨ğŸ‡³"
"1908","Equifax","United States ğŸ‡ºğŸ‡¸"
"1909","General Insurance Corporation Of India","India ğŸ‡®ğŸ‡³"
"1910","Hokkoku Bank","Japan ğŸ‡¯ğŸ‡µ"
"1911","Fuyo General Lease","Japan ğŸ‡¯ğŸ‡µ"
"1911","Kiyo Bank","Japan ğŸ‡¯ğŸ‡µ"
"1913","Chimera Investment","United States ğŸ‡ºğŸ‡¸"
"1914","Delivery Hero","Germany ğŸ‡©ğŸ‡ª"
"1915","Klepierre","France ğŸ‡«ğŸ‡·"
"1916","BioMarin Pharmaceutical","United States ğŸ‡ºğŸ‡¸"
"1916","Magazine Luiza","Brazil ğŸ‡§ğŸ‡·"
"1918","China Everbright International","Hong Kong ğŸ‡­ğŸ‡°"
"1918","MTU Aero Engines AG","Germany ğŸ‡©ğŸ‡ª"
"1918","Oshkosh","United States ğŸ‡ºğŸ‡¸"
"1921","Yonyou Network Technology","China ğŸ‡¨ğŸ‡³"
"1922","Berkeley Group Holdings","United Kingdom ğŸ‡¬ğŸ‡§"
"1923","Azrieli Group","Israel ğŸ‡®ğŸ‡±"
"1923","China Nuclear Engineering Corporation","China ğŸ‡¨ğŸ‡³"
"1923","Ovintiv","United States ğŸ‡ºğŸ‡¸"
"1926","Lamb Weston Holdings","United States ğŸ‡ºğŸ‡¸"
"1926","Xinyu Iron & Steel","China ğŸ‡¨ğŸ‡³"
"1928","Murphy USA","United States ğŸ‡ºğŸ‡¸"
"1929","Guangzhou Baiyunshan Pharmaceutical Holdings","China ğŸ‡¨ğŸ‡³"
"1929","Musashino Bank","Japan ğŸ‡¯ğŸ‡µ"
"1931","Semiconductor Manufacturing International","China ğŸ‡¨ğŸ‡³"
"1932","Genmab","Denmark ğŸ‡©ğŸ‡°"
"1933","Coty","United States ğŸ‡ºğŸ‡¸"
"1933","Saipem","Italy ğŸ‡®ğŸ‡¹"
"1935","Samsung Securities","South Korea ğŸ‡°ğŸ‡·"
"1936","Abengoa","Spain ğŸ‡ªğŸ‡¸"
"1936","Parkland Fuel","Canada ğŸ‡¨ğŸ‡¦"
"1938","Pou Chen","Taiwan ğŸ‡¹ğŸ‡¼"
"1938","Toll Brothers","United States ğŸ‡ºğŸ‡¸"
"1940","Amdocs","United States ğŸ‡ºğŸ‡¸"
"1941","EFG International","Switzerland ğŸ‡¨ğŸ‡­"
"1941","Securitas","Sweden ğŸ‡¸ğŸ‡ª"
"1943","Inspur Electronic Information Industry","China ğŸ‡¨ğŸ‡³"
"1944","Indian Bank","India ğŸ‡®ğŸ‡³"
"1944","Marks & Spencer","United Kingdom ğŸ‡¬ğŸ‡§"
"1946","Hyatt Hotels","United States ğŸ‡ºğŸ‡¸"
"1947","Montage Technology","China ğŸ‡¨ğŸ‡³"
"1948","IDBI Bank","India ğŸ‡®ğŸ‡³"
"1948","Twilio","United States ğŸ‡ºğŸ‡¸"
"1950","Brilliance China Automotive Holdings","Hong Kong ğŸ‡­ğŸ‡°"
"1950","Guoco Group","Hong Kong ğŸ‡­ğŸ‡°"
"1952","Makita","Japan ğŸ‡¯ğŸ‡µ"
"1953","Brown & Brown","United States ğŸ‡ºğŸ‡¸"
"1954","China Resources Beer (Holdings)","Hong Kong ğŸ‡­ğŸ‡°"
"1955","Kingspan Group PLC","Ireland ğŸ‡®ğŸ‡ª"
"1956","JB Financial Group","South Korea ğŸ‡°ğŸ‡·"
"1956","NCR","United States ğŸ‡ºğŸ‡¸"
"1958","Roku","United States ğŸ‡ºğŸ‡¸"
"1958","Wintrust Financial","United States ğŸ‡ºğŸ‡¸"
"1960","FIBI Holdings","Israel ğŸ‡®ğŸ‡±"
"1960","Swedish Match","Sweden ğŸ‡¸ğŸ‡ª"
"1962","Tongling Nonferrous Metals","China ğŸ‡¨ğŸ‡³"
"1963","Prysmian","Italy ğŸ‡®ğŸ‡¹"
"1964","Delek Group","Israel ğŸ‡®ğŸ‡±"
"1965","Electrolux Group","Sweden ğŸ‡¸ğŸ‡ª"
"1965","Orkla","Norway ğŸ‡³ğŸ‡´"
"1965","US Steel","United States ğŸ‡ºğŸ‡¸"
"1968","Just Eat Takeaway.com","Netherlands ğŸ‡³ğŸ‡±"
"1968","ST Engineering","Singapore ğŸ‡¸ğŸ‡¬"
"1970","Financial Street Holdings","China ğŸ‡¨ğŸ‡³"
"1970","F.N.B.","United States ğŸ‡ºğŸ‡¸"
"1970","Moderna","United States ğŸ‡ºğŸ‡¸"
"1970","Nuernberger Beteiligungs","Germany ğŸ‡©ğŸ‡ª"
"1974","Sears Holdings","United States ğŸ‡ºğŸ‡¸"
"1975","BJ's Wholesale Club","United States ğŸ‡ºğŸ‡¸"
"1975","Mid-america Apartment Communities","United States ğŸ‡ºğŸ‡¸"
"1977","Shenzhen Goodix Technology","China ğŸ‡¨ğŸ‡³"
"1978","Paycom","United States ğŸ‡ºğŸ‡¸"
"1979","Dollarama","Canada ğŸ‡¨ğŸ‡¦"
"1980","Take-Two Interactive Software","United States ğŸ‡ºğŸ‡¸"
"1981","Kojamo Oyj","Finland ğŸ‡«ğŸ‡®"
"1982","Valley Natl Bancorp","United States ğŸ‡ºğŸ‡¸"
"1983","Chesapeake Energy","United States ğŸ‡ºğŸ‡¸"
"1984","JTEKT","Japan ğŸ‡¯ğŸ‡µ"
"1985","Alnylam Pharmaceuticals","United States ğŸ‡ºğŸ‡¸"
"1985","Dixons Carphone","United Kingdom ğŸ‡¬ğŸ‡§"
"1987","Credit Bank of Moscow","Russia ğŸ‡·ğŸ‡º"
"1987","Just Group","United Kingdom ğŸ‡¬ğŸ‡§"
"1989","Inmobiliaria Colonial","Spain ğŸ‡ªğŸ‡¸"
"1990","Cabot Oil & Gas","United States ğŸ‡ºğŸ‡¸"
"1990","Holmen AB","Sweden ğŸ‡¸ğŸ‡ª"
"1990","Indorama Ventures","Thailand ğŸ‡¹ğŸ‡­"
"1990","L Brands","United States ğŸ‡ºğŸ‡¸"
"1990","Slack Technologies","United States ğŸ‡ºğŸ‡¸"
"1995","Diamondback Energy","United States ğŸ‡ºğŸ‡¸"
"1995","Founder Securities","China ğŸ‡¨ğŸ‡³"
"1995","Merlin Properties SOCIMI S.A","Spain ğŸ‡ªğŸ‡¸"
"1998","Heico","United States ğŸ‡ºğŸ‡¸"
"1999","W.P. Carey","United States ğŸ‡ºğŸ‡¸"
"1999","Zhejiang Century Huatong Group","China ğŸ‡¨ğŸ‡³"
